;;location;date;total_cases;;;total_deaths;;;;;;;;;;;;;;;;;;;;;;;;;;;total_vaccinations
;;Cote d'Ivoire;11/03/2020;1;;;;;;;;;;;;;;;;;;;;;;;;;;;;;;
;;Cote d'Ivoire;12/03/2020;1;;;;;;;;;;;;;;;;;;;;;;;;;;;;;;
;;Cote d'Ivoire;13/03/2020;1;;;;;;;;;;;;;;;;;;;;;;;;;;;;;;
;;Cote d'Ivoire;14/03/2020;1;;;;;;;;;;;;;;;;;;;;;;;;;;;;;;
;;Cote d'Ivoire;15/03/2020;1;;;;;;;;;;;;;;;;;;;;;;;;;;;;;;
;;Cote d'Ivoire;16/03/2020;1;;;;;;;;;;;;;;;;;;;;;;;;;;;;;;
;;Cote d'Ivoire;17/03/2020;5;;;;;;;;;;;;;;;;;;;;;;;;;;;;;;
;;Cote d'Ivoire;18/03/2020;6;;;;;;;;;;;;;;;;;;;;;;;;;;;;;;
;;Cote d'Ivoire;19/03/2020;9;;;;;;;;;;;;;;;;;;;;;;;;;;;;;;
;;Cote d'Ivoire;20/03/2020;9;;;;;;;;;;;;;;;;;;;;;;;;;;;;;;
;;Cote d'Ivoire;21/03/2020;14;;;;;;;;;;;;;;;;;;;;;;;;;;;;;;
;;Cote d'Ivoire;22/03/2020;14;;;;;;;;;;;;;;;;;;;;;;;;;;;;;;
;;Cote d'Ivoire;23/03/2020;25;;;;;;;;;;;;;;;;;;;;;;;;;;;;;;
;;Cote d'Ivoire;24/03/2020;73;;;;;;;;;;;;;;;;;;;;;;;;;;;;;;
;;Cote d'Ivoire;25/03/2020;80;;;;;;;;;;;;;;;;;;;;;;;;;;;;;;
;;Cote d'Ivoire;26/03/2020;96;;;;;;;;;;;;;;;;;;;;;;;;;;;;;;
;;Cote d'Ivoire;27/03/2020;101;;;;;;;;;;;;;;;;;;;;;;;;;;;;;;
;;Cote d'Ivoire;28/03/2020;101;;;;;;;;;;;;;;;;;;;;;;;;;;;;;;
;;Cote d'Ivoire;29/03/2020;165;;;1;;;;;;;;;;;;;;;;;;;;;;;;;;;
;;Cote d'Ivoire;30/03/2020;168;;;1;;;;;;;;;;;;;;;;;;;;;;;;;;;
;;Cote d'Ivoire;31/03/2020;179;;;1;;;;;;;;;;;;;;;;;;;;;;;;;;;
;;Cote d'Ivoire;01/04/2020;190;;;1;;;;;;;;;;;;;;;;;;;;;;;;;;;
;;Cote d'Ivoire;02/04/2020;194;;;1;;;;;;;;;;;;;;;;;;;;;;;;;;;
;;Cote d'Ivoire;03/04/2020;218;;;1;;;;;;;;;;;;;;;;;;;;;;;;;;;
;;Cote d'Ivoire;04/04/2020;245;;;1;;;;;;;;;;;;;;;;;;;;;;;;;;;
;;Cote d'Ivoire;05/04/2020;261;;;3;;;;;;;;;;;;;;;;;;;;;;;;;;;
;;Cote d'Ivoire;06/04/2020;323;;;3;;;;;;;;;;;;;;;;;;;;;;;;;;;
;;Cote d'Ivoire;07/04/2020;349;;;3;;;;;;;;;;;;;;;;;;;;;;;;;;;
;;Cote d'Ivoire;08/04/2020;384;;;3;;;;;;;;;;;;;;;;;;;;;;;;;;;
;;Cote d'Ivoire;09/04/2020;444;;;3;;;;;;;;;;;;;;;;;;;;;;;;;;;
;;Cote d'Ivoire;10/04/2020;444;;;3;;;;;;;;;;;;;;;;;;;;;;;;;;;
;;Cote d'Ivoire;11/04/2020;533;;;4;;;;;;;;;;;;;;;;;;;;;;;;;;;
;;Cote d'Ivoire;12/04/2020;574;;;5;;;;;;;;;;;;;;;;;;;;;;;;;;;
;;Cote d'Ivoire;13/04/2020;626;;;6;;;;;;;;;;;;;;;;;;;;;;;;;;;
;;Cote d'Ivoire;14/04/2020;638;;;6;;;;;;;;;;;;;;;;;;;;;;;;;;;
;;Cote d'Ivoire;15/04/2020;638;;;6;;;;;;;;;;;;;;;;;;;;;;;;;;;
;;Cote d'Ivoire;16/04/2020;654;;;6;;;;;;;;;;;;;;;;;;;;;;;;;;;
;;Cote d'Ivoire;17/04/2020;688;;;6;;;;;;;;;;;;;;;;;;;;;;;;;;;
;;Cote d'Ivoire;18/04/2020;801;;;8;;;;;;;;;;;;;;;;;;;;;;;;;;;
;;Cote d'Ivoire;19/04/2020;847;;;9;;;;;;;;;;;;;;;;;;;;;;;;;;;
;;Cote d'Ivoire;20/04/2020;847;;;9;;;;;;;;;;;;;;;;;;;;;;;;;;;
;;Cote d'Ivoire;21/04/2020;916;;;13;;;;;;;;;;;;;;;;;;;;;;;;;;;
;;Cote d'Ivoire;22/04/2020;952;;;14;;;;;;;;;;;;;;;;;;;;;;;;;;;
;;Cote d'Ivoire;23/04/2020;1004;;;14;;;;;;;;;;;;;;;;;;;;;;;;;;;
;;Cote d'Ivoire;24/04/2020;1077;;;14;;;;;;;;;;;;;;;;;;;;;;;;;;;
;;Cote d'Ivoire;25/04/2020;1077;;;14;;;;;;;;;;;;;;;;;;;;;;;;;;;
;;Cote d'Ivoire;26/04/2020;1150;;;14;;;;;;;;;;;;;;;;;;;;;;;;;;;
;;Cote d'Ivoire;27/04/2020;1164;;;14;;;;;;;;;;;;;;;;;;;;;;;;;;;
;;Cote d'Ivoire;28/04/2020;1183;;;14;;;;;;;;;;;;;;;;;;;;;;;;;;;
;;Cote d'Ivoire;29/04/2020;1238;;;14;;;;;;;;;;;;;;;;;;;;;;;;;;;
;;Cote d'Ivoire;30/04/2020;1275;;;14;;;;;;;;;;;;;;;;;;;;;;;;;;;
;;Cote d'Ivoire;01/05/2020;1333;;;15;;;;;;;;;;;;;;;;;;;;;;;;;;;
;;Cote d'Ivoire;02/05/2020;1362;;;15;;;;;;;;;;;;;;;;;;;;;;;;;;;
;;Cote d'Ivoire;03/05/2020;1398;;;17;;;;;;;;;;;;;;;;;;;;;;;;;;;
;;Cote d'Ivoire;04/05/2020;1432;;;17;;;;;;;;;;;;;;;;;;;;;;;;;;;
;;Cote d'Ivoire;05/05/2020;1464;;;18;;;;;;;;;;;;;;;;;;;;;;;;;;;
;;Cote d'Ivoire;06/05/2020;1516;;;18;;;;;;;;;;;;;;;;;;;;;;;;;;;
;;Cote d'Ivoire;07/05/2020;1571;;;20;;;;;;;;;;;;;;;;;;;;;;;;;;;
;;Cote d'Ivoire;08/05/2020;1602;;;20;;;;;;;;;;;;;;;;;;;;;;;;;;;
;;Cote d'Ivoire;09/05/2020;1667;;;21;;;;;;;;;;;;;;;;;;;;;;;;;;;
;;Cote d'Ivoire;10/05/2020;1700;;;21;;;;;;;;;;;;;;;;;;;;;;;;;;;
;;Cote d'Ivoire;11/05/2020;1730;;;21;;;;;;;;;;;;;;;;;;;;;;;;;;;
;;Cote d'Ivoire;12/05/2020;1857;;;21;;;;;;;;;;;;;;;;;;;;;;;;;;;
;;Cote d'Ivoire;13/05/2020;1912;;;24;;;;;;;;;;;;;;;;;;;;;;;;;;;
;;Cote d'Ivoire;14/05/2020;1971;;;24;;;;;;;;;;;;;;;;;;;;;;;;;;;
;;Cote d'Ivoire;15/05/2020;2017;;;24;;;;;;;;;;;;;;;;;;;;;;;;;;;
;;Cote d'Ivoire;16/05/2020;2061;;;25;;;;;;;;;;;;;;;;;;;;;;;;;;;
;;Cote d'Ivoire;17/05/2020;2109;;;27;;;;;;;;;;;;;;;;;;;;;;;;;;;
;;Cote d'Ivoire;18/05/2020;2119;;;28;;;;;;;;;;;;;;;;;;;;;;;;;;;
;;Cote d'Ivoire;19/05/2020;2153;;;28;;;;;;;;;;;;;;;;;;;;;;;;;;;
;;Cote d'Ivoire;20/05/2020;2231;;;29;;;;;;;;;;;;;;;;;;;;;;;;;;;
;;Cote d'Ivoire;21/05/2020;2301;;;29;;;;;;;;;;;;;;;;;;;;;;;;;;;
;;Cote d'Ivoire;22/05/2020;2341;;;29;;;;;;;;;;;;;;;;;;;;;;;;;;;
;;Cote d'Ivoire;23/05/2020;2366;;;30;;;;;;;;;;;;;;;;;;;;;;;;;;;
;;Cote d'Ivoire;24/05/2020;2376;;;30;;;;;;;;;;;;;;;;;;;;;;;;;;;
;;Cote d'Ivoire;25/05/2020;2423;;;30;;;;;;;;;;;;;;;;;;;;;;;;;;;
;;Cote d'Ivoire;26/05/2020;2477;;;30;;;;;;;;;;;;;;;;;;;;;;;;;;;
;;Cote d'Ivoire;27/05/2020;2556;;;31;;;;;;;;;;;;;;;;;;;;;;;;;;;
;;Cote d'Ivoire;28/05/2020;2641;;;32;;;;;;;;;;;;;;;;;;;;;;;;;;;
;;Cote d'Ivoire;29/05/2020;2750;;;32;;;;;;;;;;;;;;;;;;;;;;;;;;;
;;Cote d'Ivoire;30/05/2020;2799;;;33;;;;;;;;;;;;;;;;;;;;;;;;;;;
;;Cote d'Ivoire;31/05/2020;2833;;;33;;;;;;;;;;;;;;;;;;;;;;;;;;;
;;Cote d'Ivoire;01/06/2020;2951;;;33;;;;;;;;;;;;;;;;;;;;;;;;;;;
;;Cote d'Ivoire;02/06/2020;3024;;;33;;;;;;;;;;;;;;;;;;;;;;;;;;;
;;Cote d'Ivoire;03/06/2020;3110;;;35;;;;;;;;;;;;;;;;;;;;;;;;;;;
;;Cote d'Ivoire;04/06/2020;3262;;;35;;;;;;;;;;;;;;;;;;;;;;;;;;;
;;Cote d'Ivoire;05/06/2020;3431;;;36;;;;;;;;;;;;;;;;;;;;;;;;;;;
;;Cote d'Ivoire;06/06/2020;3557;;;36;;;;;;;;;;;;;;;;;;;;;;;;;;;
;;Cote d'Ivoire;07/06/2020;3739;;;36;;;;;;;;;;;;;;;;;;;;;;;;;;;
;;Cote d'Ivoire;08/06/2020;3881;;;38;;;;;;;;;;;;;;;;;;;;;;;;;;;
;;Cote d'Ivoire;09/06/2020;3995;;;38;;;;;;;;;;;;;;;;;;;;;;;;;;;
;;Cote d'Ivoire;10/06/2020;4181;;;41;;;;;;;;;;;;;;;;;;;;;;;;;;;
;;Cote d'Ivoire;11/06/2020;4404;;;41;;;;;;;;;;;;;;;;;;;;;;;;;;;
;;Cote d'Ivoire;12/06/2020;4684;;;45;;;;;;;;;;;;;;;;;;;;;;;;;;;
;;Cote d'Ivoire;13/06/2020;4848;;;45;;;;;;;;;;;;;;;;;;;;;;;;;;;
;;Cote d'Ivoire;14/06/2020;5084;;;45;;;;;;;;;;;;;;;;;;;;;;;;;;;
;;Cote d'Ivoire;15/06/2020;5439;;;46;;;;;;;;;;;;;;;;;;;;;;;;;;;
;;Cote d'Ivoire;16/06/2020;5679;;;46;;;;;;;;;;;;;;;;;;;;;;;;;;;
;;Cote d'Ivoire;17/06/2020;6063;;;48;;;;;;;;;;;;;;;;;;;;;;;;;;;
;;Cote d'Ivoire;18/06/2020;6444;;;49;;;;;;;;;;;;;;;;;;;;;;;;;;;
;;Cote d'Ivoire;19/06/2020;6874;;;49;;;;;;;;;;;;;;;;;;;;;;;;;;;
;;Cote d'Ivoire;20/06/2020;7276;;;52;;;;;;;;;;;;;;;;;;;;;;;;;;;
;;Cote d'Ivoire;21/06/2020;7492;;;54;;;;;;;;;;;;;;;;;;;;;;;;;;;
;;Cote d'Ivoire;22/06/2020;7677;;;56;;;;;;;;;;;;;;;;;;;;;;;;;;;
;;Cote d'Ivoire;23/06/2020;7904;;;58;;;;;;;;;;;;;;;;;;;;;;;;;;;
;;Cote d'Ivoire;24/06/2020;8164;;;58;;;;;;;;;;;;;;;;;;;;;;;;;;;
;;Cote d'Ivoire;25/06/2020;8334;;;60;;;;;;;;;;;;;;;;;;;;;;;;;;;
;;Cote d'Ivoire;26/06/2020;8739;;;64;;;;;;;;;;;;;;;;;;;;;;;;;;;
;;Cote d'Ivoire;27/06/2020;8944;;;66;;;;;;;;;;;;;;;;;;;;;;;;;;;
;;Cote d'Ivoire;28/06/2020;9101;;;66;;;;;;;;;;;;;;;;;;;;;;;;;;;
;;Cote d'Ivoire;29/06/2020;9214;;;66;;;;;;;;;;;;;;;;;;;;;;;;;;;
;;Cote d'Ivoire;30/06/2020;9499;;;68;;;;;;;;;;;;;;;;;;;;;;;;;;;
;;Cote d'Ivoire;01/07/2020;9702;;;68;;;;;;;;;;;;;;;;;;;;;;;;;;;
;;Cote d'Ivoire;02/07/2020;9992;;;68;;;;;;;;;;;;;;;;;;;;;;;;;;;
;;Cote d'Ivoire;03/07/2020;10244;;;70;;;;;;;;;;;;;;;;;;;;;;;;;;;
;;Cote d'Ivoire;04/07/2020;10462;;;72;;;;;;;;;;;;;;;;;;;;;;;;;;;
;;Cote d'Ivoire;05/07/2020;10772;;;74;;;;;;;;;;;;;;;;;;;;;;;;;;;
;;Cote d'Ivoire;06/07/2020;10966;;;75;;;;;;;;;;;;;;;;;;;;;;;;;;;
;;Cote d'Ivoire;07/07/2020;11194;;;76;;;;;;;;;;;;;;;;;;;;;;;;;;;
;;Cote d'Ivoire;08/07/2020;11504;;;78;;;;;;;;;;;;;;;;;;;;;;;;;;;
;;Cote d'Ivoire;09/07/2020;11750;;;79;;;;;;;;;;;;;;;;;;;;;;;;;;;
;;Cote d'Ivoire;10/07/2020;12052;;;81;;;;;;;;;;;;;;;;;;;;;;;;;;;
;;Cote d'Ivoire;11/07/2020;12443;;;82;;;;;;;;;;;;;;;;;;;;;;;;;;;
;;Cote d'Ivoire;12/07/2020;12766;;;84;;;;;;;;;;;;;;;;;;;;;;;;;;;
;;Cote d'Ivoire;13/07/2020;12872;;;84;;;;;;;;;;;;;;;;;;;;;;;;;;;
;;Cote d'Ivoire;14/07/2020;13037;;;87;;;;;;;;;;;;;;;;;;;;;;;;;;;
;;Cote d'Ivoire;15/07/2020;13403;;;87;;;;;;;;;;;;;;;;;;;;;;;;;;;
;;Cote d'Ivoire;16/07/2020;13554;;;87;;;;;;;;;;;;;;;;;;;;;;;;;;;
;;Cote d'Ivoire;17/07/2020;13696;;;87;;;;;;;;;;;;;;;;;;;;;;;;;;;
;;Cote d'Ivoire;18/07/2020;13912;;;91;;;;;;;;;;;;;;;;;;;;;;;;;;;
;;Cote d'Ivoire;19/07/2020;14119;;;92;;;;;;;;;;;;;;;;;;;;;;;;;;;
;;Cote d'Ivoire;20/07/2020;14312;;;92;;;;;;;;;;;;;;;;;;;;;;;;;;;
;;Cote d'Ivoire;21/07/2020;14531;;;93;;;;;;;;;;;;;;;;;;;;;;;;;;;
;;Cote d'Ivoire;22/07/2020;14733;;;93;;;;;;;;;;;;;;;;;;;;;;;;;;;
;;Cote d'Ivoire;23/07/2020;15001;;;93;;;;;;;;;;;;;;;;;;;;;;;;;;;
;;Cote d'Ivoire;24/07/2020;15253;;;94;;;;;;;;;;;;;;;;;;;;;;;;;;;
;;Cote d'Ivoire;25/07/2020;15494;;;94;;;;;;;;;;;;;;;;;;;;;;;;;;;
;;Cote d'Ivoire;26/07/2020;15596;;;96;;;;;;;;;;;;;;;;;;;;;;;;;;;
;;Cote d'Ivoire;27/07/2020;15655;;;96;;;;;;;;;;;;;;;;;;;;;;;;;;;
;;Cote d'Ivoire;28/07/2020;15713;;;98;;;;;;;;;;;;;;;;;;;;;;;;;;;
;;Cote d'Ivoire;29/07/2020;15813;;;99;;;;;;;;;;;;;;;;;;;;;;;;;;;
;;Cote d'Ivoire;30/07/2020;15978;;;100;;;;;;;;;;;;;;;;;;;;;;;;;;;
;;Cote d'Ivoire;31/07/2020;16047;;;102;;;;;;;;;;;;;;;;;;;;;;;;;;;
;;Cote d'Ivoire;01/08/2020;16109;;;102;;;;;;;;;;;;;;;;;;;;;;;;;;;
;;Cote d'Ivoire;02/08/2020;16182;;;102;;;;;;;;;;;;;;;;;;;;;;;;;;;
;;Cote d'Ivoire;03/08/2020;16220;;;102;;;;;;;;;;;;;;;;;;;;;;;;;;;
;;Cote d'Ivoire;04/08/2020;16293;;;103;;;;;;;;;;;;;;;;;;;;;;;;;;;
;;Cote d'Ivoire;05/08/2020;16349;;;103;;;;;;;;;;;;;;;;;;;;;;;;;;;
;;Cote d'Ivoire;06/08/2020;16447;;;103;;;;;;;;;;;;;;;;;;;;;;;;;;;
;;Cote d'Ivoire;07/08/2020;16524;;;104;;;;;;;;;;;;;;;;;;;;;;;;;;;
;;Cote d'Ivoire;08/08/2020;16620;;;104;;;;;;;;;;;;;;;;;;;;;;;;;;;
;;Cote d'Ivoire;09/08/2020;16715;;;105;;;;;;;;;;;;;;;;;;;;;;;;;;;
;;Cote d'Ivoire;10/08/2020;16798;;;105;;;;;;;;;;;;;;;;;;;;;;;;;;;
;;Cote d'Ivoire;11/08/2020;16847;;;105;;;;;;;;;;;;;;;;;;;;;;;;;;;
;;Cote d'Ivoire;12/08/2020;16847;;;105;;;;;;;;;;;;;;;;;;;;;;;;;;;
;;Cote d'Ivoire;13/08/2020;16889;;;107;;;;;;;;;;;;;;;;;;;;;;;;;;;
;;Cote d'Ivoire;14/08/2020;16935;;;108;;;;;;;;;;;;;;;;;;;;;;;;;;;
;;Cote d'Ivoire;15/08/2020;16993;;;108;;;;;;;;;;;;;;;;;;;;;;;;;;;
;;Cote d'Ivoire;16/08/2020;17026;;;110;;;;;;;;;;;;;;;;;;;;;;;;;;;
;;Cote d'Ivoire;17/08/2020;17107;;;110;;;;;;;;;;;;;;;;;;;;;;;;;;;
;;Cote d'Ivoire;18/08/2020;17150;;;110;;;;;;;;;;;;;;;;;;;;;;;;;;;
;;Cote d'Ivoire;19/08/2020;17232;;;111;;;;;;;;;;;;;;;;;;;;;;;;;;;
;;Cote d'Ivoire;20/08/2020;17249;;;112;;;;;;;;;;;;;;;;;;;;;;;;;;;
;;Cote d'Ivoire;21/08/2020;17310;;;112;;;;;;;;;;;;;;;;;;;;;;;;;;;
;;Cote d'Ivoire;22/08/2020;17374;;;113;;;;;;;;;;;;;;;;;;;;;;;;;;;
;;Cote d'Ivoire;23/08/2020;17471;;;113;;;;;;;;;;;;;;;;;;;;;;;;;;;
;;Cote d'Ivoire;24/08/2020;17506;;;114;;;;;;;;;;;;;;;;;;;;;;;;;;;
;;Cote d'Ivoire;25/08/2020;17562;;;114;;;;;;;;;;;;;;;;;;;;;;;;;;;
;;Cote d'Ivoire;26/08/2020;17603;;;114;;;;;;;;;;;;;;;;;;;;;;;;;;;
;;Cote d'Ivoire;27/08/2020;17702;;;115;;;;;;;;;;;;;;;;;;;;;;;;;;;
;;Cote d'Ivoire;28/08/2020;17797;;;115;;;;;;;;;;;;;;;;;;;;;;;;;;;
;;Cote d'Ivoire;29/08/2020;17893;;;115;;;;;;;;;;;;;;;;;;;;;;;;;;;
;;Cote d'Ivoire;30/08/2020;17948;;;115;;;;;;;;;;;;;;;;;;;;;;;;;;;
;;Cote d'Ivoire;31/08/2020;18067;;;117;;;;;;;;;;;;;;;;;;;;;;;;;;;
;;Cote d'Ivoire;01/09/2020;18103;;;117;;;;;;;;;;;;;;;;;;;;;;;;;;;
;;Cote d'Ivoire;02/09/2020;18161;;;117;;;;;;;;;;;;;;;;;;;;;;;;;;;
;;Cote d'Ivoire;03/09/2020;18208;;;119;;;;;;;;;;;;;;;;;;;;;;;;;;;
;;Cote d'Ivoire;04/09/2020;18269;;;119;;;;;;;;;;;;;;;;;;;;;;;;;;;
;;Cote d'Ivoire;05/09/2020;18472;;;119;;;;;;;;;;;;;;;;;;;;;;;;;;;
;;Cote d'Ivoire;06/09/2020;18588;;;119;;;;;;;;;;;;;;;;;;;;;;;;;;;
;;Cote d'Ivoire;07/09/2020;18701;;;119;;;;;;;;;;;;;;;;;;;;;;;;;;;
;;Cote d'Ivoire;08/09/2020;18778;;;119;;;;;;;;;;;;;;;;;;;;;;;;;;;
;;Cote d'Ivoire;09/09/2020;18815;;;119;;;;;;;;;;;;;;;;;;;;;;;;;;;
;;Cote d'Ivoire;10/09/2020;18869;;;119;;;;;;;;;;;;;;;;;;;;;;;;;;;
;;Cote d'Ivoire;11/09/2020;18916;;;119;;;;;;;;;;;;;;;;;;;;;;;;;;;
;;Cote d'Ivoire;12/09/2020;18916;;;119;;;;;;;;;;;;;;;;;;;;;;;;;;;
;;Cote d'Ivoire;13/09/2020;19013;;;120;;;;;;;;;;;;;;;;;;;;;;;;;;;
;;Cote d'Ivoire;14/09/2020;19066;;;120;;;;;;;;;;;;;;;;;;;;;;;;;;;
;;Cote d'Ivoire;15/09/2020;19100;;;120;;;;;;;;;;;;;;;;;;;;;;;;;;;
;;Cote d'Ivoire;16/09/2020;19132;;;120;;;;;;;;;;;;;;;;;;;;;;;;;;;
;;Cote d'Ivoire;17/09/2020;19158;;;120;;;;;;;;;;;;;;;;;;;;;;;;;;;
;;Cote d'Ivoire;18/09/2020;19200;;;120;;;;;;;;;;;;;;;;;;;;;;;;;;;
;;Cote d'Ivoire;19/09/2020;19269;;;120;;;;;;;;;;;;;;;;;;;;;;;;;;;
;;Cote d'Ivoire;20/09/2020;19320;;;120;;;;;;;;;;;;;;;;;;;;;;;;;;;
;;Cote d'Ivoire;21/09/2020;19327;;;120;;;;;;;;;;;;;;;;;;;;;;;;;;;
;;Cote d'Ivoire;22/09/2020;19343;;;120;;;;;;;;;;;;;;;;;;;;;;;;;;;
;;Cote d'Ivoire;23/09/2020;19430;;;120;;;;;;;;;;;;;;;;;;;;;;;;;;;
;;Cote d'Ivoire;24/09/2020;19501;;;120;;;;;;;;;;;;;;;;;;;;;;;;;;;
;;Cote d'Ivoire;25/09/2020;19556;;;120;;;;;;;;;;;;;;;;;;;;;;;;;;;
;;Cote d'Ivoire;26/09/2020;19600;;;120;;;;;;;;;;;;;;;;;;;;;;;;;;;
;;Cote d'Ivoire;27/09/2020;19629;;;120;;;;;;;;;;;;;;;;;;;;;;;;;;;
;;Cote d'Ivoire;28/09/2020;19641;;;120;;;;;;;;;;;;;;;;;;;;;;;;;;;
;;Cote d'Ivoire;29/09/2020;19669;;;120;;;;;;;;;;;;;;;;;;;;;;;;;;;
;;Cote d'Ivoire;30/09/2020;19724;;;120;;;;;;;;;;;;;;;;;;;;;;;;;;;
;;Cote d'Ivoire;01/10/2020;19755;;;120;;;;;;;;;;;;;;;;;;;;;;;;;;;
;;Cote d'Ivoire;02/10/2020;19793;;;120;;;;;;;;;;;;;;;;;;;;;;;;;;;
;;Cote d'Ivoire;03/10/2020;19849;;;120;;;;;;;;;;;;;;;;;;;;;;;;;;;
;;Cote d'Ivoire;04/10/2020;19882;;;120;;;;;;;;;;;;;;;;;;;;;;;;;;;
;;Cote d'Ivoire;05/10/2020;19885;;;120;;;;;;;;;;;;;;;;;;;;;;;;;;;
;;Cote d'Ivoire;06/10/2020;19903;;;120;;;;;;;;;;;;;;;;;;;;;;;;;;;
;;Cote d'Ivoire;07/10/2020;19935;;;120;;;;;;;;;;;;;;;;;;;;;;;;;;;
;;Cote d'Ivoire;08/10/2020;19982;;;120;;;;;;;;;;;;;;;;;;;;;;;;;;;
;;Cote d'Ivoire;09/10/2020;20036;;;120;;;;;;;;;;;;;;;;;;;;;;;;;;;
;;Cote d'Ivoire;10/10/2020;20128;;;120;;;;;;;;;;;;;;;;;;;;;;;;;;;
;;Cote d'Ivoire;11/10/2020;20154;;;120;;;;;;;;;;;;;;;;;;;;;;;;;;;
;;Cote d'Ivoire;12/10/2020;20155;;;120;;;;;;;;;;;;;;;;;;;;;;;;;;;
;;Cote d'Ivoire;13/10/2020;20183;;;120;;;;;;;;;;;;;;;;;;;;;;;;;;;
;;Cote d'Ivoire;14/10/2020;20217;;;120;;;;;;;;;;;;;;;;;;;;;;;;;;;
;;Cote d'Ivoire;15/10/2020;20257;;;120;;;;;;;;;;;;;;;;;;;;;;;;;;;
;;Cote d'Ivoire;16/10/2020;20275;;;121;;;;;;;;;;;;;;;;;;;;;;;;;;;
;;Cote d'Ivoire;17/10/2020;20301;;;121;;;;;;;;;;;;;;;;;;;;;;;;;;;
;;Cote d'Ivoire;18/10/2020;20323;;;121;;;;;;;;;;;;;;;;;;;;;;;;;;;
;;Cote d'Ivoire;19/10/2020;20324;;;121;;;;;;;;;;;;;;;;;;;;;;;;;;;
;;Cote d'Ivoire;20/10/2020;20342;;;121;;;;;;;;;;;;;;;;;;;;;;;;;;;
;;Cote d'Ivoire;21/10/2020;20363;;;121;;;;;;;;;;;;;;;;;;;;;;;;;;;
;;Cote d'Ivoire;22/10/2020;20390;;;121;;;;;;;;;;;;;;;;;;;;;;;;;;;
;;Cote d'Ivoire;23/10/2020;20405;;;121;;;;;;;;;;;;;;;;;;;;;;;;;;;
;;Cote d'Ivoire;24/10/2020;20429;;;121;;;;;;;;;;;;;;;;;;;;;;;;;;;
;;Cote d'Ivoire;25/10/2020;20470;;;122;;;;;;;;;;;;;;;;;;;;;;;;;;;
;;Cote d'Ivoire;26/10/2020;20486;;;122;;;;;;;;;;;;;;;;;;;;;;;;;;;
;;Cote d'Ivoire;27/10/2020;20488;;;122;;;;;;;;;;;;;;;;;;;;;;;;;;;
;;Cote d'Ivoire;28/10/2020;20555;;;124;;;;;;;;;;;;;;;;;;;;;;;;;;;
;;Cote d'Ivoire;29/10/2020;20628;;;124;;;;;;;;;;;;;;;;;;;;;;;;;;;
;;Cote d'Ivoire;30/10/2020;20692;;;124;;;;;;;;;;;;;;;;;;;;;;;;;;;
;;Cote d'Ivoire;31/10/2020;20716;;;126;;;;;;;;;;;;;;;;;;;;;;;;;;;
;;Cote d'Ivoire;01/11/2020;20716;;;126;;;;;;;;;;;;;;;;;;;;;;;;;;;
;;Cote d'Ivoire;02/11/2020;20753;;;126;;;;;;;;;;;;;;;;;;;;;;;;;;;
;;Cote d'Ivoire;03/11/2020;20765;;;126;;;;;;;;;;;;;;;;;;;;;;;;;;;
;;Cote d'Ivoire;04/11/2020;20778;;;126;;;;;;;;;;;;;;;;;;;;;;;;;;;
;;Cote d'Ivoire;05/11/2020;20789;;;126;;;;;;;;;;;;;;;;;;;;;;;;;;;
;;Cote d'Ivoire;06/11/2020;20801;;;126;;;;;;;;;;;;;;;;;;;;;;;;;;;
;;Cote d'Ivoire;07/11/2020;20813;;;126;;;;;;;;;;;;;;;;;;;;;;;;;;;
;;Cote d'Ivoire;08/11/2020;20832;;;126;;;;;;;;;;;;;;;;;;;;;;;;;;;
;;Cote d'Ivoire;09/11/2020;20835;;;126;;;;;;;;;;;;;;;;;;;;;;;;;;;
;;Cote d'Ivoire;10/11/2020;20847;;;126;;;;;;;;;;;;;;;;;;;;;;;;;;;
;;Cote d'Ivoire;11/11/2020;20855;;;127;;;;;;;;;;;;;;;;;;;;;;;;;;;
;;Cote d'Ivoire;12/11/2020;20882;;;127;;;;;;;;;;;;;;;;;;;;;;;;;;;
;;Cote d'Ivoire;13/11/2020;20899;;;127;;;;;;;;;;;;;;;;;;;;;;;;;;;
;;Cote d'Ivoire;14/11/2020;20945;;;127;;;;;;;;;;;;;;;;;;;;;;;;;;;
;;Cote d'Ivoire;15/11/2020;20976;;;128;;;;;;;;;;;;;;;;;;;;;;;;;;;
;;Cote d'Ivoire;16/11/2020;20988;;;128;;;;;;;;;;;;;;;;;;;;;;;;;;;
;;Cote d'Ivoire;17/11/2020;21004;;;129;;;;;;;;;;;;;;;;;;;;;;;;;;;
;;Cote d'Ivoire;18/11/2020;21045;;;129;;;;;;;;;;;;;;;;;;;;;;;;;;;
;;Cote d'Ivoire;19/11/2020;21083;;;129;;;;;;;;;;;;;;;;;;;;;;;;;;;
;;Cote d'Ivoire;20/11/2020;21099;;;129;;;;;;;;;;;;;;;;;;;;;;;;;;;
;;Cote d'Ivoire;21/11/2020;21126;;;129;;;;;;;;;;;;;;;;;;;;;;;;;;;
;;Cote d'Ivoire;22/11/2020;21138;;;131;;;;;;;;;;;;;;;;;;;;;;;;;;;
;;Cote d'Ivoire;23/11/2020;21148;;;131;;;;;;;;;;;;;;;;;;;;;;;;;;;
;;Cote d'Ivoire;24/11/2020;21156;;;131;;;;;;;;;;;;;;;;;;;;;;;;;;;
;;Cote d'Ivoire;25/11/2020;21168;;;131;;;;;;;;;;;;;;;;;;;;;;;;;;;
;;Cote d'Ivoire;26/11/2020;21199;;;131;;;;;;;;;;;;;;;;;;;;;;;;;;;
;;Cote d'Ivoire;27/11/2020;21232;;;131;;;;;;;;;;;;;;;;;;;;;;;;;;;
;;Cote d'Ivoire;28/11/2020;21261;;;131;;;;;;;;;;;;;;;;;;;;;;;;;;;
;;Cote d'Ivoire;29/11/2020;21310;;;131;;;;;;;;;;;;;;;;;;;;;;;;;;;
;;Cote d'Ivoire;30/11/2020;21331;;;132;;;;;;;;;;;;;;;;;;;;;;;;;;;
;;Cote d'Ivoire;01/12/2020;21334;;;132;;;;;;;;;;;;;;;;;;;;;;;;;;;
;;Cote d'Ivoire;02/12/2020;21361;;;132;;;;;;;;;;;;;;;;;;;;;;;;;;;
;;Cote d'Ivoire;03/12/2020;21389;;;132;;;;;;;;;;;;;;;;;;;;;;;;;;;
;;Cote d'Ivoire;04/12/2020;21412;;;132;;;;;;;;;;;;;;;;;;;;;;;;;;;
;;Cote d'Ivoire;05/12/2020;21441;;;132;;;;;;;;;;;;;;;;;;;;;;;;;;;
;;Cote d'Ivoire;06/12/2020;21485;;;132;;;;;;;;;;;;;;;;;;;;;;;;;;;
;;Cote d'Ivoire;07/12/2020;21507;;;132;;;;;;;;;;;;;;;;;;;;;;;;;;;
;;Cote d'Ivoire;08/12/2020;21513;;;132;;;;;;;;;;;;;;;;;;;;;;;;;;;
;;Cote d'Ivoire;09/12/2020;21547;;;133;;;;;;;;;;;;;;;;;;;;;;;;;;;
;;Cote d'Ivoire;10/12/2020;21590;;;133;;;;;;;;;;;;;;;;;;;;;;;;;;;
;;Cote d'Ivoire;11/12/2020;21618;;;133;;;;;;;;;;;;;;;;;;;;;;;;;;;
;;Cote d'Ivoire;12/12/2020;21639;;;133;;;;;;;;;;;;;;;;;;;;;;;;;;;
;;Cote d'Ivoire;13/12/2020;21680;;;133;;;;;;;;;;;;;;;;;;;;;;;;;;;
;;Cote d'Ivoire;14/12/2020;21705;;;133;;;;;;;;;;;;;;;;;;;;;;;;;;;
;;Cote d'Ivoire;15/12/2020;21775;;;133;;;;;;;;;;;;;;;;;;;;;;;;;;;
;;Cote d'Ivoire;16/12/2020;21741;;;133;;;;;;;;;;;;;;;;;;;;;;;;;;;
;;Cote d'Ivoire;17/12/2020;21772;;;133;;;;;;;;;;;;;;;;;;;;;;;;;;;
;;Cote d'Ivoire;18/12/2020;21845;;;133;;;;;;;;;;;;;;;;;;;;;;;;;;;
;;Cote d'Ivoire;19/12/2020;21890;;;133;;;;;;;;;;;;;;;;;;;;;;;;;;;
;;Cote d'Ivoire;20/12/2020;21918;;;133;;;;;;;;;;;;;;;;;;;;;;;;;;;
;;Cote d'Ivoire;21/12/2020;21932;;;133;;;;;;;;;;;;;;;;;;;;;;;;;;;
;;Cote d'Ivoire;22/12/2020;21942;;;133;;;;;;;;;;;;;;;;;;;;;;;;;;;
;;Cote d'Ivoire;23/12/2020;21984;;;133;;;;;;;;;;;;;;;;;;;;;;;;;;;
;;Cote d'Ivoire;24/12/2020;22071;;;133;;;;;;;;;;;;;;;;;;;;;;;;;;;
;;Cote d'Ivoire;25/12/2020;22081;;;133;;;;;;;;;;;;;;;;;;;;;;;;;;;
;;Cote d'Ivoire;26/12/2020;22081;;;133;;;;;;;;;;;;;;;;;;;;;;;;;;;
;;Cote d'Ivoire;27/12/2020;22152;;;135;;;;;;;;;;;;;;;;;;;;;;;;;;;
;;Cote d'Ivoire;28/12/2020;22176;;;137;;;;;;;;;;;;;;;;;;;;;;;;;;;
;;Cote d'Ivoire;29/12/2020;22250;;;137;;;;;;;;;;;;;;;;;;;;;;;;;;;
;;Cote d'Ivoire;30/12/2020;22366;;;137;;;;;;;;;;;;;;;;;;;;;;;;;;;
;;Cote d'Ivoire;31/12/2020;22490;;;137;;;;;;;;;;;;;;;;;;;;;;;;;;;
;;Cote d'Ivoire;01/01/2021;22563;;;138;;;;;;;;;;;;;;;;;;;;;;;;;;;
;;Cote d'Ivoire;02/01/2021;22563;;;138;;;;;;;;;;;;;;;;;;;;;;;;;;;
;;Cote d'Ivoire;03/01/2021;22648;;;138;;;;;;;;;;;;;;;;;;;;;;;;;;;
;;Cote d'Ivoire;04/01/2021;22800;;;138;;;;;;;;;;;;;;;;;;;;;;;;;;;
;;Cote d'Ivoire;05/01/2021;22855;;;138;;;;;;;;;;;;;;;;;;;;;;;;;;;
;;Cote d'Ivoire;06/01/2021;22963;;;138;;;;;;;;;;;;;;;;;;;;;;;;;;;
;;Cote d'Ivoire;07/01/2021;23173;;;138;;;;;;;;;;;;;;;;;;;;;;;;;;;
;;Cote d'Ivoire;08/01/2021;23254;;;139;;;;;;;;;;;;;;;;;;;;;;;;;;;
;;Cote d'Ivoire;09/01/2021;23482;;;139;;;;;;;;;;;;;;;;;;;;;;;;;;;
;;Cote d'Ivoire;10/01/2021;23750;;;139;;;;;;;;;;;;;;;;;;;;;;;;;;;
;;Cote d'Ivoire;11/01/2021;23894;;;139;;;;;;;;;;;;;;;;;;;;;;;;;;;
;;Cote d'Ivoire;12/01/2021;24186;;;140;;;;;;;;;;;;;;;;;;;;;;;;;;;
;;Cote d'Ivoire;13/01/2021;24369;;;140;;;;;;;;;;;;;;;;;;;;;;;;;;;
;;Cote d'Ivoire;14/01/2021;24578;;;140;;;;;;;;;;;;;;;;;;;;;;;;;;;
;;Cote d'Ivoire;15/01/2021;24856;;;141;;;;;;;;;;;;;;;;;;;;;;;;;;;
;;Cote d'Ivoire;16/01/2021;24856;;;141;;;;;;;;;;;;;;;;;;;;;;;;;;;
;;Cote d'Ivoire;17/01/2021;25241;;;141;;;;;;;;;;;;;;;;;;;;;;;;;;;
;;Cote d'Ivoire;18/01/2021;25304;;;142;;;;;;;;;;;;;;;;;;;;;;;;;;;
;;Cote d'Ivoire;19/01/2021;25383;;;142;;;;;;;;;;;;;;;;;;;;;;;;;;;
;;Cote d'Ivoire;20/01/2021;25597;;;142;;;;;;;;;;;;;;;;;;;;;;;;;;;
;;Cote d'Ivoire;21/01/2021;25751;;;142;;;;;;;;;;;;;;;;;;;;;;;;;;;
;;Cote d'Ivoire;22/01/2021;26315;;;143;;;;;;;;;;;;;;;;;;;;;;;;;;;
;;Cote d'Ivoire;23/01/2021;26612;;;145;;;;;;;;;;;;;;;;;;;;;;;;;;;
;;Cote d'Ivoire;24/01/2021;26850;;;146;;;;;;;;;;;;;;;;;;;;;;;;;;;
;;Cote d'Ivoire;25/01/2021;27096;;;146;;;;;;;;;;;;;;;;;;;;;;;;;;;
;;Cote d'Ivoire;26/01/2021;27237;;;147;;;;;;;;;;;;;;;;;;;;;;;;;;;
;;Cote d'Ivoire;27/01/2021;27455;;;151;;;;;;;;;;;;;;;;;;;;;;;;;;;
;;Cote d'Ivoire;28/01/2021;27694;;;151;;;;;;;;;;;;;;;;;;;;;;;;;;;
;;Cote d'Ivoire;29/01/2021;27934;;;152;;;;;;;;;;;;;;;;;;;;;;;;;;;
;;Cote d'Ivoire;30/01/2021;28178;;;152;;;;;;;;;;;;;;;;;;;;;;;;;;;
;;Cote d'Ivoire;31/01/2021;28399;;;154;;;;;;;;;;;;;;;;;;;;;;;;;;;
;;Cote d'Ivoire;01/02/2021;28475;;;156;;;;;;;;;;;;;;;;;;;;;;;;;;;
;;Cote d'Ivoire;02/02/2021;28607;;;158;;;;;;;;;;;;;;;;;;;;;;;;;;;
;;Cote d'Ivoire;03/02/2021;28739;;;158;;;;;;;;;;;;;;;;;;;;;;;;;;;
;;Cote d'Ivoire;04/02/2021;29102;;;158;;;;;;;;;;;;;;;;;;;;;;;;;;;
;;Cote d'Ivoire;05/02/2021;29295;;;160;;;;;;;;;;;;;;;;;;;;;;;;;;;
;;Cote d'Ivoire;06/02/2021;29567;;;162;;;;;;;;;;;;;;;;;;;;;;;;;;;
;;Cote d'Ivoire;07/02/2021;29825;;;162;;;;;;;;;;;;;;;;;;;;;;;;;;;
;;Cote d'Ivoire;08/02/2021;29967;;;165;;;;;;;;;;;;;;;;;;;;;;;;;;;
;;Cote d'Ivoire;09/02/2021;29967;;;165;;;;;;;;;;;;;;;;;;;;;;;;;;;
;;Cote d'Ivoire;10/02/2021;30240;;;169;;;;;;;;;;;;;;;;;;;;;;;;;;;
;;Cote d'Ivoire;11/02/2021;30526;;;171;;;;;;;;;;;;;;;;;;;;;;;;;;;
;;Cote d'Ivoire;12/02/2021;30717;;;173;;;;;;;;;;;;;;;;;;;;;;;;;;;
;;Cote d'Ivoire;13/02/2021;30884;;;173;;;;;;;;;;;;;;;;;;;;;;;;;;;
;;Cote d'Ivoire;14/02/2021;31140;;;174;;;;;;;;;;;;;;;;;;;;;;;;;;;
;;Cote d'Ivoire;15/02/2021;31235;;;175;;;;;;;;;;;;;;;;;;;;;;;;;;;
;;Cote d'Ivoire;16/02/2021;31365;;;179;;;;;;;;;;;;;;;;;;;;;;;;;;;
;;Cote d'Ivoire;17/02/2021;31497;;;180;;;;;;;;;;;;;;;;;;;;;;;;;;;
;;Cote d'Ivoire;18/02/2021;31612;;;183;;;;;;;;;;;;;;;;;;;;;;;;;;;
;;Cote d'Ivoire;19/02/2021;31825;;;185;;;;;;;;;;;;;;;;;;;;;;;;;;;
;;Cote d'Ivoire;20/02/2021;31914;;;185;;;;;;;;;;;;;;;;;;;;;;;;;;;
;;Cote d'Ivoire;21/02/2021;32026;;;186;;;;;;;;;;;;;;;;;;;;;;;;;;;
;;Cote d'Ivoire;22/02/2021;32039;;;188;;;;;;;;;;;;;;;;;;;;;;;;;;;
;;Cote d'Ivoire;23/02/2021;32124;;;188;;;;;;;;;;;;;;;;;;;;;;;;;;;
;;Cote d'Ivoire;24/02/2021;32295;;;188;;;;;;;;;;;;;;;;;;;;;;;;;;;
;;Cote d'Ivoire;25/02/2021;32295;;;188;;;;;;;;;;;;;;;;;;;;;;;;;;;
;;Cote d'Ivoire;26/02/2021;32478;;;190;;;;;;;;;;;;;;;;;;;;;;;;;;;
;;Cote d'Ivoire;27/02/2021;32631;;;192;;;;;;;;;;;;;;;;;;;;;;;;;;;
;;Cote d'Ivoire;28/02/2021;32754;;;192;;;;;;;;;;;;;;;;;;;;;;;;;;;
;;Cote d'Ivoire;01/03/2021;32791;;;193;;;;;;;;;;;;;;;;;;;;;;;;;;;0
;;Cote d'Ivoire;02/03/2021;32929;;;193;;;;;;;;;;;;;;;;;;;;;;;;;;;
;;Cote d'Ivoire;03/03/2021;33285;;;194;;;;;;;;;;;;;;;;;;;;;;;;;;;
;;Cote d'Ivoire;04/03/2021;33976;;;196;;;;;;;;;;;;;;;;;;;;;;;;;;;
;;Cote d'Ivoire;05/03/2021;34412;;;199;;;;;;;;;;;;;;;;;;;;;;;;;;;
;;Cote d'Ivoire;06/03/2021;34935;;;200;;;;;;;;;;;;;;;;;;;;;;;;;;;2058
;;Cote d'Ivoire;07/03/2021;35187;;;202;;;;;;;;;;;;;;;;;;;;;;;;;;;
;;Cote d'Ivoire;08/03/2021;35331;;;204;;;;;;;;;;;;;;;;;;;;;;;;;;;2924
;;Cote d'Ivoire;09/03/2021;35477;;;206;;;;;;;;;;;;;;;;;;;;;;;;;;;4363
;;Cote d'Ivoire;10/03/2021;36028;;;206;;;;;;;;;;;;;;;;;;;;;;;;;;;8802
;;Cote d'Ivoire;11/03/2021;36511;;;209;;;;;;;;;;;;;;;;;;;;;;;;;;;
;;Cote d'Ivoire;12/03/2021;36824;;;211;;;;;;;;;;;;;;;;;;;;;;;;;;;
;;Cote d'Ivoire;13/03/2021;37304;;;211;;;;;;;;;;;;;;;;;;;;;;;;;;;
;;Cote d'Ivoire;14/03/2021;37653;;;211;;;;;;;;;;;;;;;;;;;;;;;;;;;14937
;;Cote d'Ivoire;15/03/2021;37908;;;213;;;;;;;;;;;;;;;;;;;;;;;;;;;15181
;;Cote d'Ivoire;16/03/2021;38120;;;214;;;;;;;;;;;;;;;;;;;;;;;;;;;17448
;;Cote d'Ivoire;17/03/2021;38282;;;214;;;;;;;;;;;;;;;;;;;;;;;;;;;19113
;;Cote d'Ivoire;18/03/2021;38923;;;215;;;;;;;;;;;;;;;;;;;;;;;;;;;20766
;;Cote d'Ivoire;19/03/2021;39434;;;216;;;;;;;;;;;;;;;;;;;;;;;;;;;22443
;;Cote d'Ivoire;20/03/2021;39913;;;217;;;;;;;;;;;;;;;;;;;;;;;;;;;24171
;;Cote d'Ivoire;21/03/2021;40310;;;220;;;;;;;;;;;;;;;;;;;;;;;;;;;24639
;;Cote d'Ivoire;22/03/2021;40601;;;222;;;;;;;;;;;;;;;;;;;;;;;;;;;24728
;;Cote d'Ivoire;23/03/2021;40868;;;222;;;;;;;;;;;;;;;;;;;;;;;;;;;26079
;;Cote d'Ivoire;24/03/2021;41307;;;224;;;;;;;;;;;;;;;;;;;;;;;;;;;27886
;;Cote d'Ivoire;25/03/2021;42074;;;229;;;;;;;;;;;;;;;;;;;;;;;;;;;29535
;;Cote d'Ivoire;26/03/2021;42468;;;229;;;;;;;;;;;;;;;;;;;;;;;;;;;31104
;;Cote d'Ivoire;27/03/2021;42861;;;232;;;;;;;;;;;;;;;;;;;;;;;;;;;33395
;;Cote d'Ivoire;28/03/2021;43180;;;237;;;;;;;;;;;;;;;;;;;;;;;;;;;
;;Cote d'Ivoire;29/03/2021;43422;;;239;;;;;;;;;;;;;;;;;;;;;;;;;;;34388
;;Cote d'Ivoire;30/03/2021;43542;;;242;;;;;;;;;;;;;;;;;;;;;;;;;;;37367
;;Cote d'Ivoire;31/03/2021;43889;;;244;;;;;;;;;;;;;;;;;;;;;;;;;;;40153
;;Cote d'Ivoire;01/04/2021;43889;;;244;;;;;;;;;;;;;;;;;;;;;;;;;;;42725
;;Cote d'Ivoire;02/04/2021;44445;;;250;;;;;;;;;;;;;;;;;;;;;;;;;;;45247
;;Cote d'Ivoire;03/04/2021;44618;;;252;;;;;;;;;;;;;;;;;;;;;;;;;;;47968
;;Cote d'Ivoire;04/04/2021;44749;;;255;;;;;;;;;;;;;;;;;;;;;;;;;;;49642
;;Cote d'Ivoire;05/04/2021;44841;;;256;;;;;;;;;;;;;;;;;;;;;;;;;;;
;;Cote d'Ivoire;06/04/2021;44854;;;256;;;;;;;;;;;;;;;;;;;;;;;;;;;49948
;;Cote d'Ivoire;07/04/2021;44880;;;257;;;;;;;;;;;;;;;;;;;;;;;;;;;
;;Cote d'Ivoire;08/04/2021;44975;;;258;;;;;;;;;;;;;;;;;;;;;;;;;;;53071
;;Cote d'Ivoire;09/04/2021;45089;;;260;;;;;;;;;;;;;;;;;;;;;;;;;;;60823
;;Cote d'Ivoire;10/04/2021;45089;;;260;;;;;;;;;;;;;;;;;;;;;;;;;;;66496
;;Cote d'Ivoire;11/04/2021;45206;;;263;;;;;;;;;;;;;;;;;;;;;;;;;;;68843
;;Cote d'Ivoire;12/04/2021;45227;;;268;;;;;;;;;;;;;;;;;;;;;;;;;;;
;;Cote d'Ivoire;13/04/2021;45265;;;269;;;;;;;;;;;;;;;;;;;;;;;;;;;
;;Cote d'Ivoire;14/04/2021;45388;;;271;;;;;;;;;;;;;;;;;;;;;;;;;;;83425
;;Cote d'Ivoire;15/04/2021;45444;;;273;;;;;;;;;;;;;;;;;;;;;;;;;;;87267
;;Cote d'Ivoire;16/04/2021;45474;;;274;;;;;;;;;;;;;;;;;;;;;;;;;;;91901
;;Cote d'Ivoire;17/04/2021;45519;;;274;;;;;;;;;;;;;;;;;;;;;;;;;;;93540
;;Cote d'Ivoire;18/04/2021;45560;;;274;;;;;;;;;;;;;;;;;;;;;;;;;;;94818
;;Cote d'Ivoire;19/04/2021;45570;;;274;;;;;;;;;;;;;;;;;;;;;;;;;;;
;;Cote d'Ivoire;20/04/2021;45614;;;275;;;;;;;;;;;;;;;;;;;;;;;;;;;
;;Cote d'Ivoire;21/04/2021;45697;;;277;;;;;;;;;;;;;;;;;;;;;;;;;;;105110
;;Cote d'Ivoire;22/04/2021;45715;;;277;;;;;;;;;;;;;;;;;;;;;;;;;;;109077
;;Cote d'Ivoire;23/04/2021;45765;;;279;;;;;;;;;;;;;;;;;;;;;;;;;;;113224
;;Cote d'Ivoire;24/04/2021;45820;;;281;;;;;;;;;;;;;;;;;;;;;;;;;;;117227
;;Cote d'Ivoire;25/04/2021;45852;;;282;;;;;;;;;;;;;;;;;;;;;;;;;;;118875
;;Cote d'Ivoire;26/04/2021;45863;;;283;;;;;;;;;;;;;;;;;;;;;;;;;;;119663
;;Cote d'Ivoire;27/04/2021;45885;;;285;;;;;;;;;;;;;;;;;;;;;;;;;;;125958
;;Cote d'Ivoire;28/04/2021;45943;;;286;;;;;;;;;;;;;;;;;;;;;;;;;;;132434
;;Cote d'Ivoire;29/04/2021;45998;;;286;;;;;;;;;;;;;;;;;;;;;;;;;;;140270
;;Cote d'Ivoire;30/04/2021;46036;;;286;;;;;;;;;;;;;;;;;;;;;;;;;;;149037
;;Cote d'Ivoire;01/05/2021;46114;;;286;;;;;;;;;;;;;;;;;;;;;;;;;;;158981
;;Cote d'Ivoire;02/05/2021;46114;;;286;;;;;;;;;;;;;;;;;;;;;;;;;;;163176
;;Cote d'Ivoire;03/05/2021;46154;;;287;;;;;;;;;;;;;;;;;;;;;;;;;;;168419
;;Cote d'Ivoire;04/05/2021;46173;;;291;;;;;;;;;;;;;;;;;;;;;;;;;;;183301
;;Cote d'Ivoire;05/05/2021;46231;;;291;;;;;;;;;;;;;;;;;;;;;;;;;;;197492
;;Cote d'Ivoire;06/05/2021;46315;;;291;;;;;;;;;;;;;;;;;;;;;;;;;;;215010
;;Cote d'Ivoire;07/05/2021;46344;;;291;;;;;;;;;;;;;;;;;;;;;;;;;;;235747
;;Cote d'Ivoire;08/05/2021;46385;;;291;;;;;;;;;;;;;;;;;;;;;;;;;;;252317
;;Cote d'Ivoire;09/05/2021;46442;;;291;;;;;;;;;;;;;;;;;;;;;;;;;;;262639
;;Cote d'Ivoire;10/05/2021;46443;;;291;;;;;;;;;;;;;;;;;;;;;;;;;;;267032
;;Cote d'Ivoire;11/05/2021;46484;;;292;;;;;;;;;;;;;;;;;;;;;;;;;;;280799
;;Cote d'Ivoire;12/05/2021;46516;;;292;;;;;;;;;;;;;;;;;;;;;;;;;;;292537
;;Cote d'Ivoire;13/05/2021;46520;;;294;;;;;;;;;;;;;;;;;;;;;;;;;;;295309
;;Cote d'Ivoire;14/05/2021;46535;;;295;;;;;;;;;;;;;;;;;;;;;;;;;;;301497
;;Cote d'Ivoire;15/05/2021;46535;;;295;;;;;;;;;;;;;;;;;;;;;;;;;;;321020
;;Cote d'Ivoire;16/05/2021;46656;;;298;;;;;;;;;;;;;;;;;;;;;;;;;;;333793
;;Cote d'Ivoire;17/05/2021;46661;;;298;;;;;;;;;;;;;;;;;;;;;;;;;;;340049
;;Cote d'Ivoire;18/05/2021;46708;;;298;;;;;;;;;;;;;;;;;;;;;;;;;;;366285
;;Cote d'Ivoire;19/05/2021;46777;;;298;;;;;;;;;;;;;;;;;;;;;;;;;;;391085
;;Cote d'Ivoire;20/05/2021;46834;;;298;;;;;;;;;;;;;;;;;;;;;;;;;;;418455
;;Cote d'Ivoire;21/05/2021;46874;;;298;;;;;;;;;;;;;;;;;;;;;;;;;;;447449
;;Cote d'Ivoire;22/05/2021;46942;;;298;;;;;;;;;;;;;;;;;;;;;;;;;;;473098
;;Cote d'Ivoire;23/05/2021;46942;;;298;;;;;;;;;;;;;;;;;;;;;;;;;;;486231
;;Cote d'Ivoire;24/05/2021;47033;;;298;;;;;;;;;;;;;;;;;;;;;;;;;;;491146
;;Cote d'Ivoire;25/05/2021;47036;;;298;;;;;;;;;;;;;;;;;;;;;;;;;;;496319
;;Cote d'Ivoire;26/05/2021;47085;;;301;;;;;;;;;;;;;;;;;;;;;;;;;;;
;;Cote d'Ivoire;27/05/2021;47146;;;301;;;;;;;;;;;;;;;;;;;;;;;;;;;528084
;;Cote d'Ivoire;28/05/2021;47195;;;301;;;;;;;;;;;;;;;;;;;;;;;;;;;535748
;;Cote d'Ivoire;29/05/2021;47233;;;303;;;;;;;;;;;;;;;;;;;;;;;;;;;540245
;;Cote d'Ivoire;30/05/2021;47233;;;303;;;;;;;;;;;;;;;;;;;;;;;;;;;
;;Cote d'Ivoire;31/05/2021;47292;;;305;;;;;;;;;;;;;;;;;;;;;;;;;;;541449
;;Cote d'Ivoire;01/06/2021;47319;;;306;;;;;;;;;;;;;;;;;;;;;;;;;;;543663
;;Cote d'Ivoire;02/06/2021;47356;;;306;;;;;;;;;;;;;;;;;;;;;;;;;;;555472
;;Cote d'Ivoire;03/06/2021;47389;;;306;;;;;;;;;;;;;;;;;;;;;;;;;;;567488
;;Cote d'Ivoire;04/06/2021;47435;;;306;;;;;;;;;;;;;;;;;;;;;;;;;;;
;;Cote d'Ivoire;05/06/2021;47476;;;306;;;;;;;;;;;;;;;;;;;;;;;;;;;593683
;;Cote d'Ivoire;06/06/2021;47490;;;306;;;;;;;;;;;;;;;;;;;;;;;;;;;602540
;;Cote d'Ivoire;07/06/2021;47493;;;306;;;;;;;;;;;;;;;;;;;;;;;;;;;606907
;;Cote d'Ivoire;08/06/2021;47511;;;306;;;;;;;;;;;;;;;;;;;;;;;;;;;625780
;;Cote d'Ivoire;09/06/2021;47547;;;306;;;;;;;;;;;;;;;;;;;;;;;;;;;644253
;;Cote d'Ivoire;10/06/2021;47605;;;306;;;;;;;;;;;;;;;;;;;;;;;;;;;662848
;;Cote d'Ivoire;11/06/2021;47638;;;306;;;;;;;;;;;;;;;;;;;;;;;;;;;675294
;;Cote d'Ivoire;12/06/2021;47662;;;306;;;;;;;;;;;;;;;;;;;;;;;;;;;686626
;;Cote d'Ivoire;13/06/2021;47662;;;306;;;;;;;;;;;;;;;;;;;;;;;;;;;692523
;;Cote d'Ivoire;14/06/2021;47760;;;306;;;;;;;;;;;;;;;;;;;;;;;;;;;694950
;;Cote d'Ivoire;15/06/2021;47909;;;306;;;;;;;;;;;;;;;;;;;;;;;;;;;705051
;;Cote d'Ivoire;16/06/2021;47933;;;306;;;;;;;;;;;;;;;;;;;;;;;;;;;712777
;;Cote d'Ivoire;17/06/2021;47973;;;306;;;;;;;;;;;;;;;;;;;;;;;;;;;718197
;;Cote d'Ivoire;18/06/2021;47973;;;306;;;;;;;;;;;;;;;;;;;;;;;;;;;722073
;;Cote d'Ivoire;19/06/2021;48031;;;307;;;;;;;;;;;;;;;;;;;;;;;;;;;724592
;;Cote d'Ivoire;20/06/2021;48044;;;308;;;;;;;;;;;;;;;;;;;;;;;;;;;725916
;;Cote d'Ivoire;21/06/2021;48047;;;308;;;;;;;;;;;;;;;;;;;;;;;;;;;733375
;;Cote d'Ivoire;22/06/2021;48058;;;309;;;;;;;;;;;;;;;;;;;;;;;;;;;735677
;;Cote d'Ivoire;23/06/2021;48058;;;309;;;;;;;;;;;;;;;;;;;;;;;;;;;737314
;;Cote d'Ivoire;24/06/2021;48058;;;309;;;;;;;;;;;;;;;;;;;;;;;;;;;738763
;;Cote d'Ivoire;25/06/2021;48058;;;309;;;;;;;;;;;;;;;;;;;;;;;;;;;740391
;;Cote d'Ivoire;26/06/2021;48176;;;311;;;;;;;;;;;;;;;;;;;;;;;;;;;
;;Cote d'Ivoire;27/06/2021;48192;;;312;;;;;;;;;;;;;;;;;;;;;;;;;;;
;;Cote d'Ivoire;28/06/2021;48203;;;313;;;;;;;;;;;;;;;;;;;;;;;;;;;745327
;;Cote d'Ivoire;29/06/2021;48242;;;313;;;;;;;;;;;;;;;;;;;;;;;;;;;749368
;;Cote d'Ivoire;30/06/2021;48305;;;313;;;;;;;;;;;;;;;;;;;;;;;;;;;757113
;;Cote d'Ivoire;01/07/2021;48378;;;315;;;;;;;;;;;;;;;;;;;;;;;;;;;768039
;;Cote d'Ivoire;02/07/2021;48378;;;315;;;;;;;;;;;;;;;;;;;;;;;;;;;780623
;;Cote d'Ivoire;03/07/2021;48513;;;315;;;;;;;;;;;;;;;;;;;;;;;;;;;791306
;;Cote d'Ivoire;04/07/2021;48564;;;315;;;;;;;;;;;;;;;;;;;;;;;;;;;797907
;;Cote d'Ivoire;05/07/2021;48580;;;315;;;;;;;;;;;;;;;;;;;;;;;;;;;801089
;;Cote d'Ivoire;06/07/2021;48634;;;315;;;;;;;;;;;;;;;;;;;;;;;;;;;814945
;;Cote d'Ivoire;07/07/2021;48693;;;316;;;;;;;;;;;;;;;;;;;;;;;;;;;825286
;;Cote d'Ivoire;08/07/2021;48739;;;317;;;;;;;;;;;;;;;;;;;;;;;;;;;835163
;;Cote d'Ivoire;09/07/2021;48776;;;318;;;;;;;;;;;;;;;;;;;;;;;;;;;850857
;;Cote d'Ivoire;10/07/2021;48776;;;318;;;;;;;;;;;;;;;;;;;;;;;;;;;
;;Cote d'Ivoire;11/07/2021;48776;;;318;;;;;;;;;;;;;;;;;;;;;;;;;;;
;;Cote d'Ivoire;12/07/2021;48869;;;319;;;;;;;;;;;;;;;;;;;;;;;;;;;857406
;;Cote d'Ivoire;13/07/2021;48903;;;319;;;;;;;;;;;;;;;;;;;;;;;;;;;861278
;;Cote d'Ivoire;14/07/2021;48959;;;319;;;;;;;;;;;;;;;;;;;;;;;;;;;866611
;;Cote d'Ivoire;15/07/2021;48999;;;319;;;;;;;;;;;;;;;;;;;;;;;;;;;874736
;;Cote d'Ivoire;16/07/2021;49069;;;320;;;;;;;;;;;;;;;;;;;;;;;;;;;883862
;;Cote d'Ivoire;17/07/2021;49125;;;320;;;;;;;;;;;;;;;;;;;;;;;;;;;891966
;;Cote d'Ivoire;18/07/2021;49196;;;320;;;;;;;;;;;;;;;;;;;;;;;;;;;896350
;;Cote d'Ivoire;19/07/2021;49219;;;322;;;;;;;;;;;;;;;;;;;;;;;;;;;898247
;;Cote d'Ivoire;20/07/2021;49288;;;322;;;;;;;;;;;;;;;;;;;;;;;;;;;905475
;;Cote d'Ivoire;21/07/2021;49288;;;322;;;;;;;;;;;;;;;;;;;;;;;;;;;906089
;;Cote d'Ivoire;22/07/2021;49386;;;324;;;;;;;;;;;;;;;;;;;;;;;;;;;
;;Cote d'Ivoire;23/07/2021;49473;;;324;;;;;;;;;;;;;;;;;;;;;;;;;;;918433
;;Cote d'Ivoire;24/07/2021;49554;;;324;;;;;;;;;;;;;;;;;;;;;;;;;;;925083
;;Cote d'Ivoire;25/07/2021;49592;;;324;;;;;;;;;;;;;;;;;;;;;;;;;;;933816
;;Cote d'Ivoire;26/07/2021;49647;;;324;;;;;;;;;;;;;;;;;;;;;;;;;;;935111
;;Cote d'Ivoire;27/07/2021;49699;;;326;;;;;;;;;;;;;;;;;;;;;;;;;;;943437
;;Cote d'Ivoire;28/07/2021;49775;;;326;;;;;;;;;;;;;;;;;;;;;;;;;;;959349
;;Cote d'Ivoire;29/07/2021;49911;;;326;;;;;;;;;;;;;;;;;;;;;;;;;;;975086
;;Cote d'Ivoire;30/07/2021;50004;;;328;;;;;;;;;;;;;;;;;;;;;;;;;;;990305
;;Cote d'Ivoire;31/07/2021;50135;;;329;;;;;;;;;;;;;;;;;;;;;;;;;;;1008244
;;Cote d'Ivoire;01/08/2021;50278;;;330;;;;;;;;;;;;;;;;;;;;;;;;;;;1019898
;;Cote d'Ivoire;02/08/2021;50341;;;332;;;;;;;;;;;;;;;;;;;;;;;;;;;1023548
;;Cote d'Ivoire;03/08/2021;50499;;;332;;;;;;;;;;;;;;;;;;;;;;;;;;;1067141
;;Cote d'Ivoire;04/08/2021;50650;;;334;;;;;;;;;;;;;;;;;;;;;;;;;;;1098505
;;Cote d'Ivoire;05/08/2021;50893;;;338;;;;;;;;;;;;;;;;;;;;;;;;;;;1117143
;;Cote d'Ivoire;06/08/2021;51028;;;338;;;;;;;;;;;;;;;;;;;;;;;;;;;1120944
;;Cote d'Ivoire;07/08/2021;51198;;;341;;;;;;;;;;;;;;;;;;;;;;;;;;;1138231
;;Cote d'Ivoire;08/08/2021;51380;;;341;;;;;;;;;;;;;;;;;;;;;;;;;;;1143268
;;Cote d'Ivoire;09/08/2021;51399;;;341;;;;;;;;;;;;;;;;;;;;;;;;;;;1147868
;;Cote d'Ivoire;10/08/2021;51548;;;347;;;;;;;;;;;;;;;;;;;;;;;;;;;1165391
;;Cote d'Ivoire;11/08/2021;51732;;;347;;;;;;;;;;;;;;;;;;;;;;;;;;;1181287
;;Cote d'Ivoire;12/08/2021;51926;;;354;;;;;;;;;;;;;;;;;;;;;;;;;;;1194760
;;Cote d'Ivoire;13/08/2021;52136;;;358;;;;;;;;;;;;;;;;;;;;;;;;;;;1206541
;;Cote d'Ivoire;14/08/2021;52202;;;359;;;;;;;;;;;;;;;;;;;;;;;;;;;1215526
;;Cote d'Ivoire;15/08/2021;52202;;;359;;;;;;;;;;;;;;;;;;;;;;;;;;;
;;Cote d'Ivoire;16/08/2021;52423;;;363;;;;;;;;;;;;;;;;;;;;;;;;;;;1227516
;;Cote d'Ivoire;17/08/2021;52583;;;365;;;;;;;;;;;;;;;;;;;;;;;;;;;1246309
;;Cote d'Ivoire;18/08/2021;52836;;;369;;;;;;;;;;;;;;;;;;;;;;;;;;;
;;Cote d'Ivoire;19/08/2021;52936;;;373;;;;;;;;;;;;;;;;;;;;;;;;;;;1253326
;;Cote d'Ivoire;20/08/2021;53247;;;380;;;;;;;;;;;;;;;;;;;;;;;;;;;1264058
;;Cote d'Ivoire;21/08/2021;53456;;;389;;;;;;;;;;;;;;;;;;;;;;;;;;;1268988
;;Cote d'Ivoire;22/08/2021;53645;;;395;;;;;;;;;;;;;;;;;;;;;;;;;;;1274083
;;Cote d'Ivoire;23/08/2021;53730;;;397;;;;;;;;;;;;;;;;;;;;;;;;;;;1275868
;;Cote d'Ivoire;24/08/2021;53787;;;402;;;;;;;;;;;;;;;;;;;;;;;;;;;1287881
;;Cote d'Ivoire;25/08/2021;54038;;;413;;;;;;;;;;;;;;;;;;;;;;;;;;;1293296
;;Cote d'Ivoire;26/08/2021;54299;;;415;;;;;;;;;;;;;;;;;;;;;;;;;;;1297822
;;Cote d'Ivoire;27/08/2021;54566;;;416;;;;;;;;;;;;;;;;;;;;;;;;;;;1301985
;;Cote d'Ivoire;28/08/2021;54856;;;424;;;;;;;;;;;;;;;;;;;;;;;;;;;1310778
;;Cote d'Ivoire;29/08/2021;55108;;;430;;;;;;;;;;;;;;;;;;;;;;;;;;;
;;Cote d'Ivoire;30/08/2021;55518;;;436;;;;;;;;;;;;;;;;;;;;;;;;;;;1327485
;;Cote d'Ivoire;31/08/2021;55669;;;441;;;;;;;;;;;;;;;;;;;;;;;;;;;1353553
;;Cote d'Ivoire;01/09/2021;56148;;;445;;;;;;;;;;;;;;;;;;;;;;;;;;;1370123
;;Cote d'Ivoire;02/09/2021;56521;;;451;;;;;;;;;;;;;;;;;;;;;;;;;;;
;;Cote d'Ivoire;03/09/2021;56608;;;455;;;;;;;;;;;;;;;;;;;;;;;;;;;1404020
;;Cote d'Ivoire;04/09/2021;56735;;;464;;;;;;;;;;;;;;;;;;;;;;;;;;;1421566
;;Cote d'Ivoire;05/09/2021;56855;;;467;;;;;;;;;;;;;;;;;;;;;;;;;;;1434173
;;Cote d'Ivoire;06/09/2021;57056;;;477;;;;;;;;;;;;;;;;;;;;;;;;;;;1443607
;;Cote d'Ivoire;07/09/2021;57159;;;483;;;;;;;;;;;;;;;;;;;;;;;;;;;1459525
;;Cote d'Ivoire;08/09/2021;57293;;;488;;;;;;;;;;;;;;;;;;;;;;;;;;;
;;Cote d'Ivoire;09/09/2021;57424;;;492;;;;;;;;;;;;;;;;;;;;;;;;;;;
;;Cote d'Ivoire;10/09/2021;57598;;;495;;;;;;;;;;;;;;;;;;;;;;;;;;;1467277
;;Cote d'Ivoire;11/09/2021;57784;;;506;;;;;;;;;;;;;;;;;;;;;;;;;;;
;;Cote d'Ivoire;12/09/2021;58009;;;515;;;;;;;;;;;;;;;;;;;;;;;;;;;1542157
;;Cote d'Ivoire;13/09/2021;58148;;;520;;;;;;;;;;;;;;;;;;;;;;;;;;;1548584
;;Cote d'Ivoire;14/09/2021;58226;;;534;;;;;;;;;;;;;;;;;;;;;;;;;;;1572866
;;Cote d'Ivoire;15/09/2021;58341;;;540;;;;;;;;;;;;;;;;;;;;;;;;;;;1620480
;;Cote d'Ivoire;16/09/2021;58531;;;546;;;;;;;;;;;;;;;;;;;;;;;;;;;1664954
;;Cote d'Ivoire;17/09/2021;58743;;;553;;;;;;;;;;;;;;;;;;;;;;;;;;;1698973
;;Cote d'Ivoire;18/09/2021;58889;;;561;;;;;;;;;;;;;;;;;;;;;;;;;;;1735898
;;Cote d'Ivoire;19/09/2021;59020;;;566;;;;;;;;;;;;;;;;;;;;;;;;;;;1761075
;;Cote d'Ivoire;20/09/2021;59153;;;569;;;;;;;;;;;;;;;;;;;;;;;;;;;1775036
;;Cote d'Ivoire;21/09/2021;59239;;;574;;;;;;;;;;;;;;;;;;;;;;;;;;;
;;Cote d'Ivoire;22/09/2021;59408;;;583;;;;;;;;;;;;;;;;;;;;;;;;;;;1836904
;;Cote d'Ivoire;23/09/2021;59558;;;586;;;;;;;;;;;;;;;;;;;;;;;;;;;1868955
;;Cote d'Ivoire;24/09/2021;59656;;;589;;;;;;;;;;;;;;;;;;;;;;;;;;;1903064
;;Cote d'Ivoire;25/09/2021;59778;;;593;;;;;;;;;;;;;;;;;;;;;;;;;;;1943925
;;Cote d'Ivoire;26/09/2021;59879;;;600;;;;;;;;;;;;;;;;;;;;;;;;;;;1968171
;;Cote d'Ivoire;27/09/2021;59977;;;607;;;;;;;;;;;;;;;;;;;;;;;;;;;1982168
;;Cote d'Ivoire;28/09/2021;60020;;;611;;;;;;;;;;;;;;;;;;;;;;;;;;;
;;Cote d'Ivoire;29/09/2021;60138;;;621;;;;;;;;;;;;;;;;;;;;;;;;;;;2082137
;;Cote d'Ivoire;30/09/2021;60253;;;624;;;;;;;;;;;;;;;;;;;;;;;;;;;2137947
;;Cote d'Ivoire;01/10/2021;60335;;;631;;;;;;;;;;;;;;;;;;;;;;;;;;;2200971
;;Cote d'Ivoire;02/10/2021;60376;;;636;;;;;;;;;;;;;;;;;;;;;;;;;;;2238044
;;Cote d'Ivoire;03/10/2021;60424;;;640;;;;;;;;;;;;;;;;;;;;;;;;;;;2270565
;;Cote d'Ivoire;04/10/2021;60424;;;640;;;;;;;;;;;;;;;;;;;;;;;;;;;2294393
;;Cote d'Ivoire;05/10/2021;60481;;;652;;;;;;;;;;;;;;;;;;;;;;;;;;;2334426
;;Cote d'Ivoire;06/10/2021;60573;;;653;;;;;;;;;;;;;;;;;;;;;;;;;;;2490820
;;Cote d'Ivoire;07/10/2021;60641;;;654;;;;;;;;;;;;;;;;;;;;;;;;;;;
;;Cote d'Ivoire;08/10/2021;60691;;;657;;;;;;;;;;;;;;;;;;;;;;;;;;;
;;Cote d'Ivoire;09/10/2021;60785;;;659;;;;;;;;;;;;;;;;;;;;;;;;;;;
;;Cote d'Ivoire;10/10/2021;60819;;;666;;;;;;;;;;;;;;;;;;;;;;;;;;;
;;Cote d'Ivoire;11/10/2021;60829;;;669;;;;;;;;;;;;;;;;;;;;;;;;;;;2578266
;;Cote d'Ivoire;12/10/2021;60878;;;672;;;;;;;;;;;;;;;;;;;;;;;;;;;
;;Cote d'Ivoire;13/10/2021;60878;;;672;;;;;;;;;;;;;;;;;;;;;;;;;;;
;;Cote d'Ivoire;14/10/2021;60942;;;673;;;;;;;;;;;;;;;;;;;;;;;;;;;
;;Cote d'Ivoire;15/10/2021;60982;;;674;;;;;;;;;;;;;;;;;;;;;;;;;;;2762147
;;Cote d'Ivoire;16/10/2021;60982;;;674;;;;;;;;;;;;;;;;;;;;;;;;;;;
;;Cote d'Ivoire;17/10/2021;61038;;;682;;;;;;;;;;;;;;;;;;;;;;;;;;;
;;Cote d'Ivoire;18/10/2021;61072;;;685;;;;;;;;;;;;;;;;;;;;;;;;;;;
;;Cote d'Ivoire;19/10/2021;61089;;;685;;;;;;;;;;;;;;;;;;;;;;;;;;;2892373
;;Cote d'Ivoire;20/10/2021;61113;;;689;;;;;;;;;;;;;;;;;;;;;;;;;;;
;;Cote d'Ivoire;21/10/2021;61139;;;689;;;;;;;;;;;;;;;;;;;;;;;;;;;
;;Cote d'Ivoire;22/10/2021;61152;;;689;;;;;;;;;;;;;;;;;;;;;;;;;;;3005741
;;Cote d'Ivoire;23/10/2021;61178;;;690;;;;;;;;;;;;;;;;;;;;;;;;;;;
;;Cote d'Ivoire;24/10/2021;61178;;;690;;;;;;;;;;;;;;;;;;;;;;;;;;;3046263
;;Cote d'Ivoire;25/10/2021;61208;;;690;;;;;;;;;;;;;;;;;;;;;;;;;;;
;;Cote d'Ivoire;26/10/2021;61221;;;691;;;;;;;;;;;;;;;;;;;;;;;;;;;
;;Cote d'Ivoire;27/10/2021;61252;;;691;;;;;;;;;;;;;;;;;;;;;;;;;;;
;;Cote d'Ivoire;28/10/2021;61267;;;691;;;;;;;;;;;;;;;;;;;;;;;;;;;3144043
;;Cote d'Ivoire;29/10/2021;61271;;;692;;;;;;;;;;;;;;;;;;;;;;;;;;;
;;Cote d'Ivoire;30/10/2021;61292;;;695;;;;;;;;;;;;;;;;;;;;;;;;;;;
;;Cote d'Ivoire;31/10/2021;61297;;;695;;;;;;;;;;;;;;;;;;;;;;;;;;;3232947
;;Cote d'Ivoire;01/11/2021;61311;;;696;;;;;;;;;;;;;;;;;;;;;;;;;;;
;;Cote d'Ivoire;02/11/2021;61319;;;696;;;;;;;;;;;;;;;;;;;;;;;;;;;
;;Cote d'Ivoire;03/11/2021;61330;;;696;;;;;;;;;;;;;;;;;;;;;;;;;;;
;;Cote d'Ivoire;04/11/2021;61370;;;696;;;;;;;;;;;;;;;;;;;;;;;;;;;3376376
;;Cote d'Ivoire;05/11/2021;61387;;;698;;;;;;;;;;;;;;;;;;;;;;;;;;;
;;Cote d'Ivoire;06/11/2021;61404;;;699;;;;;;;;;;;;;;;;;;;;;;;;;;;
;;Cote d'Ivoire;07/11/2021;61421;;;699;;;;;;;;;;;;;;;;;;;;;;;;;;;
;;Cote d'Ivoire;08/11/2021;61426;;;699;;;;;;;;;;;;;;;;;;;;;;;;;;;
;;Cote d'Ivoire;09/11/2021;61442;;;700;;;;;;;;;;;;;;;;;;;;;;;;;;;3541785
;;Cote d'Ivoire;10/11/2021;61458;;;700;;;;;;;;;;;;;;;;;;;;;;;;;;;
;;Cote d'Ivoire;11/11/2021;61486;;;700;;;;;;;;;;;;;;;;;;;;;;;;;;;
;;Cote d'Ivoire;12/11/2021;61486;;;700;;;;;;;;;;;;;;;;;;;;;;;;;;;
;;Cote d'Ivoire;13/11/2021;61503;;;702;;;;;;;;;;;;;;;;;;;;;;;;;;;
;;Cote d'Ivoire;14/11/2021;61511;;;702;;;;;;;;;;;;;;;;;;;;;;;;;;;3845788
;;Cote d'Ivoire;15/11/2021;61511;;;702;;;;;;;;;;;;;;;;;;;;;;;;;;;
;;Cote d'Ivoire;16/11/2021;61523;;;702;;;;;;;;;;;;;;;;;;;;;;;;;;;
;;Cote d'Ivoire;17/11/2021;61536;;;702;;;;;;;;;;;;;;;;;;;;;;;;;;;
;;Cote d'Ivoire;18/11/2021;61553;;;702;;;;;;;;;;;;;;;;;;;;;;;;;;;
;;Cote d'Ivoire;19/11/2021;61568;;;702;;;;;;;;;;;;;;;;;;;;;;;;;;;
;;Cote d'Ivoire;20/11/2021;61577;;;702;;;;;;;;;;;;;;;;;;;;;;;;;;;
;;Cote d'Ivoire;21/11/2021;61591;;;702;;;;;;;;;;;;;;;;;;;;;;;;;;;
;;Cote d'Ivoire;22/11/2021;61591;;;703;;;;;;;;;;;;;;;;;;;;;;;;;;;
;;Cote d'Ivoire;23/11/2021;61652;;;703;;;;;;;;;;;;;;;;;;;;;;;;;;;
;;Cote d'Ivoire;24/11/2021;61660;;;703;;;;;;;;;;;;;;;;;;;;;;;;;;;
;;Cote d'Ivoire;25/11/2021;61665;;;704;;;;;;;;;;;;;;;;;;;;;;;;;;;
;;Cote d'Ivoire;26/11/2021;61686;;;704;;;;;;;;;;;;;;;;;;;;;;;;;;;
;;Cote d'Ivoire;27/11/2021;61704;;;704;;;;;;;;;;;;;;;;;;;;;;;;;;;
;;Cote d'Ivoire;28/11/2021;61708;;;704;;;;;;;;;;;;;;;;;;;;;;;;;;;
;;Cote d'Ivoire;29/11/2021;61712;;;704;;;;;;;;;;;;;;;;;;;;;;;;;;;
;;Cote d'Ivoire;30/11/2021;61724;;;704;;;;;;;;;;;;;;;;;;;;;;;;;;;
;;Cote d'Ivoire;01/12/2021;61758;;;704;;;;;;;;;;;;;;;;;;;;;;;;;;;
;;Cote d'Ivoire;02/12/2021;61775;;;705;;;;;;;;;;;;;;;;;;;;;;;;;;;
;;Cote d'Ivoire;03/12/2021;61794;;;705;;;;;;;;;;;;;;;;;;;;;;;;;;;
;;Cote d'Ivoire;04/12/2021;61817;;;705;;;;;;;;;;;;;;;;;;;;;;;;;;;
;;Cote d'Ivoire;05/12/2021;61824;;;706;;;;;;;;;;;;;;;;;;;;;;;;;;;4528780
;;Cote d'Ivoire;06/12/2021;61826;;;706;;;;;;;;;;;;;;;;;;;;;;;;;;;
;;Cote d'Ivoire;07/12/2021;61844;;;706;;;;;;;;;;;;;;;;;;;;;;;;;;;
;;Cote d'Ivoire;08/12/2021;61857;;;706;;;;;;;;;;;;;;;;;;;;;;;;;;;
;;Cote d'Ivoire;09/12/2021;61863;;;706;;;;;;;;;;;;;;;;;;;;;;;;;;;
;;Cote d'Ivoire;10/12/2021;61882;;;706;;;;;;;;;;;;;;;;;;;;;;;;;;;
;;Cote d'Ivoire;11/12/2021;61896;;;706;;;;;;;;;;;;;;;;;;;;;;;;;;;
;;Cote d'Ivoire;12/12/2021;61905;;;706;;;;;;;;;;;;;;;;;;;;;;;;;;;4812235
;;Cote d'Ivoire;13/12/2021;61905;;;706;;;;;;;;;;;;;;;;;;;;;;;;;;;
;;Cote d'Ivoire;14/12/2021;61907;;;706;;;;;;;;;;;;;;;;;;;;;;;;;;;
;;Cote d'Ivoire;15/12/2021;61943;;;706;;;;;;;;;;;;;;;;;;;;;;;;;;;
;;Cote d'Ivoire;16/12/2021;61998;;;706;;;;;;;;;;;;;;;;;;;;;;;;;;;
;;Cote d'Ivoire;17/12/2021;62032;;;706;;;;;;;;;;;;;;;;;;;;;;;;;;;
;;Cote d'Ivoire;18/12/2021;62077;;;706;;;;;;;;;;;;;;;;;;;;;;;;;;;
;;Cote d'Ivoire;19/12/2021;62077;;;706;;;;;;;;;;;;;;;;;;;;;;;;;;;
;;Cote d'Ivoire;20/12/2021;62166;;;706;;;;;;;;;;;;;;;;;;;;;;;;;;;
;;Cote d'Ivoire;21/12/2021;62336;;;706;;;;;;;;;;;;;;;;;;;;;;;;;;;
;;Cote d'Ivoire;22/12/2021;62583;;;706;;;;;;;;;;;;;;;;;;;;;;;;;;;
;;Cote d'Ivoire;23/12/2021;62960;;;707;;;;;;;;;;;;;;;;;;;;;;;;;;;
;;Cote d'Ivoire;24/12/2021;63392;;;707;;;;;;;;;;;;;;;;;;;;;;;;;;;
;;Cote d'Ivoire;25/12/2021;63847;;;707;;;;;;;;;;;;;;;;;;;;;;;;;;;
;;Cote d'Ivoire;26/12/2021;63847;;;707;;;;;;;;;;;;;;;;;;;;;;;;;;;
;;Cote d'Ivoire;27/12/2021;64527;;;707;;;;;;;;;;;;;;;;;;;;;;;;;;;
;;Cote d'Ivoire;28/12/2021;65066;;;707;;;;;;;;;;;;;;;;;;;;;;;;;;;
;;Cote d'Ivoire;29/12/2021;66568;;;708;;;;;;;;;;;;;;;;;;;;;;;;;;;
;;Cote d'Ivoire;30/12/2021;68146;;;712;;;;;;;;;;;;;;;;;;;;;;;;;;;
;;Cote d'Ivoire;31/12/2021;71004;;;714;;;;;;;;;;;;;;;;;;;;;;;;;;;7113233
;;Cote d'Ivoire;01/01/2022;71815;;;718;;;;;;;;;;;;;;;;;;;;;;;;;;;7220501
;;Cote d'Ivoire;02/01/2022;72352;;;720;;;;;;;;;;;;;;;;;;;;;;;;;;;
;;Cote d'Ivoire;03/01/2022;72352;;;720;;;;;;;;;;;;;;;;;;;;;;;;;;;7243628
;;Cote d'Ivoire;04/01/2022;73786;;;723;;;;;;;;;;;;;;;;;;;;;;;;;;;7266800
;;Cote d'Ivoire;05/01/2022;75064;;;727;;;;;;;;;;;;;;;;;;;;;;;;;;;7290279
;;Cote d'Ivoire;06/01/2022;75715;;;730;;;;;;;;;;;;;;;;;;;;;;;;;;;7314146
;;Cote d'Ivoire;07/01/2022;76321;;;732;;;;;;;;;;;;;;;;;;;;;;;;;;;7339282
;;Cote d'Ivoire;08/01/2022;76732;;;733;;;;;;;;;;;;;;;;;;;;;;;;;;;7359678
;;Cote d'Ivoire;09/01/2022;77449;;;735;;;;;;;;;;;;;;;;;;;;;;;;;;;
;;Cote d'Ivoire;10/01/2022;77677;;;738;;;;;;;;;;;;;;;;;;;;;;;;;;;
;;Cote d'Ivoire;11/01/2022;77857;;;742;;;;;;;;;;;;;;;;;;;;;;;;;;;
;;Cote d'Ivoire;12/01/2022;78258;;;745;;;;;;;;;;;;;;;;;;;;;;;;;;;
;;Cote d'Ivoire;13/01/2022;78495;;;747;;;;;;;;;;;;;;;;;;;;;;;;;;;
;;Cote d'Ivoire;14/01/2022;78699;;;748;;;;;;;;;;;;;;;;;;;;;;;;;;;7450983
;;Cote d'Ivoire;15/01/2022;79088;;;753;;;;;;;;;;;;;;;;;;;;;;;;;;;
;;Cote d'Ivoire;16/01/2022;79088;;;753;;;;;;;;;;;;;;;;;;;;;;;;;;;
;;Cote d'Ivoire;17/01/2022;79273;;;761;;;;;;;;;;;;;;;;;;;;;;;;;;;
;;Cote d'Ivoire;18/01/2022;79435;;;763;;;;;;;;;;;;;;;;;;;;;;;;;;;7482020
;;Cote d'Ivoire;19/01/2022;79558;;;764;;;;;;;;;;;;;;;;;;;;;;;;;;;
;;Cote d'Ivoire;20/01/2022;79558;;;764;;;;;;;;;;;;;;;;;;;;;;;;;;;
;;Cote d'Ivoire;21/01/2022;79814;;;771;;;;;;;;;;;;;;;;;;;;;;;;;;;
;;Cote d'Ivoire;22/01/2022;80114;;;778;;;;;;;;;;;;;;;;;;;;;;;;;;;
;;Cote d'Ivoire;23/01/2022;80176;;;779;;;;;;;;;;;;;;;;;;;;;;;;;;;
;;Cote d'Ivoire;24/01/2022;80249;;;779;;;;;;;;;;;;;;;;;;;;;;;;;;;
;;Cote d'Ivoire;25/01/2022;80363;;;782;;;;;;;;;;;;;;;;;;;;;;;;;;;
;;Cote d'Ivoire;26/01/2022;80396;;;782;;;;;;;;;;;;;;;;;;;;;;;;;;;
;;Cote d'Ivoire;27/01/2022;80487;;;782;;;;;;;;;;;;;;;;;;;;;;;;;;;7591109
;;Cote d'Ivoire;28/01/2022;80566;;;782;;;;;;;;;;;;;;;;;;;;;;;;;;;
;;Cote d'Ivoire;29/01/2022;80623;;;784;;;;;;;;;;;;;;;;;;;;;;;;;;;
;;Cote d'Ivoire;30/01/2022;80695;;;785;;;;;;;;;;;;;;;;;;;;;;;;;;;
;;Cote d'Ivoire;31/01/2022;80718;;;785;;;;;;;;;;;;;;;;;;;;;;;;;;;
;;Cote d'Ivoire;01/02/2022;80783;;;785;;;;;;;;;;;;;;;;;;;;;;;;;;;
;;Cote d'Ivoire;02/02/2022;80783;;;785;;;;;;;;;;;;;;;;;;;;;;;;;;;
;;Cote d'Ivoire;03/02/2022;80783;;;785;;;;;;;;;;;;;;;;;;;;;;;;;;;
;;Cote d'Ivoire;04/02/2022;80821;;;786;;;;;;;;;;;;;;;;;;;;;;;;;;;
;;Cote d'Ivoire;05/02/2022;80901;;;786;;;;;;;;;;;;;;;;;;;;;;;;;;;
;;Cote d'Ivoire;06/02/2022;80920;;;786;;;;;;;;;;;;;;;;;;;;;;;;;;;
;;Cote d'Ivoire;07/02/2022;80938;;;787;;;;;;;;;;;;;;;;;;;;;;;;;;;
;;Cote d'Ivoire;08/02/2022;80976;;;787;;;;;;;;;;;;;;;;;;;;;;;;;;;
;;Cote d'Ivoire;09/02/2022;81005;;;787;;;;;;;;;;;;;;;;;;;;;;;;;;;
;;Cote d'Ivoire;10/02/2022;81040;;;789;;;;;;;;;;;;;;;;;;;;;;;;;;;
;;Cote d'Ivoire;11/02/2022;81109;;;789;;;;;;;;;;;;;;;;;;;;;;;;;;;8574775
;;Cote d'Ivoire;12/02/2022;81118;;;789;;;;;;;;;;;;;;;;;;;;;;;;;;;
;;Cote d'Ivoire;13/02/2022;81118;;;789;;;;;;;;;;;;;;;;;;;;;;;;;;;
;;Cote d'Ivoire;14/02/2022;81213;;;791;;;;;;;;;;;;;;;;;;;;;;;;;;;
;;Cote d'Ivoire;15/02/2022;81237;;;791;;;;;;;;;;;;;;;;;;;;;;;;;;;
;;Cote d'Ivoire;16/02/2022;81253;;;791;;;;;;;;;;;;;;;;;;;;;;;;;;;
;;Cote d'Ivoire;17/02/2022;81282;;;791;;;;;;;;;;;;;;;;;;;;;;;;;;;
;;Cote d'Ivoire;18/02/2022;81322;;;791;;;;;;;;;;;;;;;;;;;;;;;;;;;
;;Cote d'Ivoire;19/02/2022;81346;;;791;;;;;;;;;;;;;;;;;;;;;;;;;;;
;;Cote d'Ivoire;20/02/2022;81367;;;791;;;;;;;;;;;;;;;;;;;;;;;;;;;9558981
;;Cote d'Ivoire;21/02/2022;81374;;;791;;;;;;;;;;;;;;;;;;;;;;;;;;;
;;Cote d'Ivoire;22/02/2022;81397;;;791;;;;;;;;;;;;;;;;;;;;;;;;;;;
;;Cote d'Ivoire;23/02/2022;81410;;;791;;;;;;;;;;;;;;;;;;;;;;;;;;;
;;Cote d'Ivoire;24/02/2022;81410;;;791;;;;;;;;;;;;;;;;;;;;;;;;;;;
;;Cote d'Ivoire;25/02/2022;81449;;;792;;;;;;;;;;;;;;;;;;;;;;;;;;;
;;Cote d'Ivoire;26/02/2022;81467;;;792;;;;;;;;;;;;;;;;;;;;;;;;;;;
;;Cote d'Ivoire;27/02/2022;81467;;;792;;;;;;;;;;;;;;;;;;;;;;;;;;;
;;Cote d'Ivoire;28/02/2022;81483;;;793;;;;;;;;;;;;;;;;;;;;;;;;;;;
;;Cote d'Ivoire;01/03/2022;81483;;;793;;;;;;;;;;;;;;;;;;;;;;;;;;;
;;Cote d'Ivoire;02/03/2022;81518;;;794;;;;;;;;;;;;;;;;;;;;;;;;;;;
;;Cote d'Ivoire;03/03/2022;81523;;;794;;;;;;;;;;;;;;;;;;;;;;;;;;;
;;Cote d'Ivoire;04/03/2022;81534;;;795;;;;;;;;;;;;;;;;;;;;;;;;;;;
;;Cote d'Ivoire;05/03/2022;81546;;;795;;;;;;;;;;;;;;;;;;;;;;;;;;;9970869
;;Cote d'Ivoire;06/03/2022;81556;;;795;;;;;;;;;;;;;;;;;;;;;;;;;;;
;;Cote d'Ivoire;07/03/2022;81556;;;795;;;;;;;;;;;;;;;;;;;;;;;;;;;
;;Cote d'Ivoire;08/03/2022;81559;;;795;;;;;;;;;;;;;;;;;;;;;;;;;;;10108543
;;Cote d'Ivoire;09/03/2022;81571;;;795;;;;;;;;;;;;;;;;;;;;;;;;;;;
;;Cote d'Ivoire;10/03/2022;81571;;;795;;;;;;;;;;;;;;;;;;;;;;;;;;;
;;Cote d'Ivoire;11/03/2022;81577;;;795;;;;;;;;;;;;;;;;;;;;;;;;;;;
;;Cote d'Ivoire;12/03/2022;81594;;;796;;;;;;;;;;;;;;;;;;;;;;;;;;;
;;Cote d'Ivoire;13/03/2022;81597;;;796;;;;;;;;;;;;;;;;;;;;;;;;;;;
;;Cote d'Ivoire;14/03/2022;81598;;;796;;;;;;;;;;;;;;;;;;;;;;;;;;;10154915
;;Cote d'Ivoire;15/03/2022;81616;;;796;;;;;;;;;;;;;;;;;;;;;;;;;;;
;;Cote d'Ivoire;16/03/2022;81626;;;796;;;;;;;;;;;;;;;;;;;;;;;;;;;
;;Cote d'Ivoire;17/03/2022;81637;;;796;;;;;;;;;;;;;;;;;;;;;;;;;;;
;;Cote d'Ivoire;18/03/2022;81643;;;796;;;;;;;;;;;;;;;;;;;;;;;;;;;
;;Cote d'Ivoire;19/03/2022;81655;;;796;;;;;;;;;;;;;;;;;;;;;;;;;;;
;;Cote d'Ivoire;20/03/2022;81655;;;796;;;;;;;;;;;;;;;;;;;;;;;;;;;
;;Cote d'Ivoire;21/03/2022;81667;;;796;;;;;;;;;;;;;;;;;;;;;;;;;;;
;;Cote d'Ivoire;22/03/2022;81671;;;796;;;;;;;;;;;;;;;;;;;;;;;;;;;
;;Cote d'Ivoire;23/03/2022;81675;;;796;;;;;;;;;;;;;;;;;;;;;;;;;;;
;;Cote d'Ivoire;24/03/2022;81680;;;796;;;;;;;;;;;;;;;;;;;;;;;;;;;
;;Cote d'Ivoire;25/03/2022;81690;;;796;;;;;;;;;;;;;;;;;;;;;;;;;;;
;;Cote d'Ivoire;26/03/2022;81697;;;796;;;;;;;;;;;;;;;;;;;;;;;;;;;
;;Cote d'Ivoire;27/03/2022;81697;;;796;;;;;;;;;;;;;;;;;;;;;;;;;;;10364488
;;Cote d'Ivoire;28/03/2022;81714;;;796;;;;;;;;;;;;;;;;;;;;;;;;;;;
;;Cote d'Ivoire;29/03/2022;81719;;;796;;;;;;;;;;;;;;;;;;;;;;;;;;;
;;Cote d'Ivoire;30/03/2022;81722;;;796;;;;;;;;;;;;;;;;;;;;;;;;;;;
;;Cote d'Ivoire;31/03/2022;81741;;;796;;;;;;;;;;;;;;;;;;;;;;;;;;;
;;Cote d'Ivoire;01/04/2022;81741;;;796;;;;;;;;;;;;;;;;;;;;;;;;;;;
;;Cote d'Ivoire;02/04/2022;81761;;;796;;;;;;;;;;;;;;;;;;;;;;;;;;;
;;Cote d'Ivoire;03/04/2022;81761;;;796;;;;;;;;;;;;;;;;;;;;;;;;;;;
;;Cote d'Ivoire;04/04/2022;81771;;;796;;;;;;;;;;;;;;;;;;;;;;;;;;;
;;Cote d'Ivoire;05/04/2022;81780;;;796;;;;;;;;;;;;;;;;;;;;;;;;;;;
;;Cote d'Ivoire;06/04/2022;81780;;;796;;;;;;;;;;;;;;;;;;;;;;;;;;;
;;Cote d'Ivoire;07/04/2022;81800;;;796;;;;;;;;;;;;;;;;;;;;;;;;;;;
;;Cote d'Ivoire;08/04/2022;81803;;;796;;;;;;;;;;;;;;;;;;;;;;;;;;;
;;Cote d'Ivoire;09/04/2022;81814;;;796;;;;;;;;;;;;;;;;;;;;;;;;;;;
;;Cote d'Ivoire;10/04/2022;81828;;;796;;;;;;;;;;;;;;;;;;;;;;;;;;;11872480
;;Cote d'Ivoire;11/04/2022;81829;;;797;;;;;;;;;;;;;;;;;;;;;;;;;;;
;;Cote d'Ivoire;12/04/2022;81834;;;797;;;;;;;;;;;;;;;;;;;;;;;;;;;
;;Cote d'Ivoire;13/04/2022;81838;;;797;;;;;;;;;;;;;;;;;;;;;;;;;;;
;;Cote d'Ivoire;14/04/2022;81842;;;797;;;;;;;;;;;;;;;;;;;;;;;;;;;
;;Cote d'Ivoire;15/04/2022;81849;;;797;;;;;;;;;;;;;;;;;;;;;;;;;;;
;;Cote d'Ivoire;16/04/2022;81857;;;797;;;;;;;;;;;;;;;;;;;;;;;;;;;
;;Cote d'Ivoire;17/04/2022;81857;;;797;;;;;;;;;;;;;;;;;;;;;;;;;;;
;;Cote d'Ivoire;18/04/2022;81861;;;797;;;;;;;;;;;;;;;;;;;;;;;;;;;
;;Cote d'Ivoire;19/04/2022;81861;;;797;;;;;;;;;;;;;;;;;;;;;;;;;;;
;;Cote d'Ivoire;20/04/2022;81870;;;799;;;;;;;;;;;;;;;;;;;;;;;;;;;
;;Cote d'Ivoire;21/04/2022;81875;;;799;;;;;;;;;;;;;;;;;;;;;;;;;;;
;;Cote d'Ivoire;22/04/2022;81881;;;799;;;;;;;;;;;;;;;;;;;;;;;;;;;
;;Cote d'Ivoire;23/04/2022;81887;;;799;;;;;;;;;;;;;;;;;;;;;;;;;;;
;;Cote d'Ivoire;24/04/2022;81887;;;799;;;;;;;;;;;;;;;;;;;;;;;;;;;
;;Cote d'Ivoire;25/04/2022;81898;;;799;;;;;;;;;;;;;;;;;;;;;;;;;;;
;;Cote d'Ivoire;26/04/2022;81909;;;799;;;;;;;;;;;;;;;;;;;;;;;;;;;11982186
;;Cote d'Ivoire;27/04/2022;81913;;;799;;;;;;;;;;;;;;;;;;;;;;;;;;;
;;Cote d'Ivoire;28/04/2022;81920;;;799;;;;;;;;;;;;;;;;;;;;;;;;;;;
;;Cote d'Ivoire;29/04/2022;81930;;;799;;;;;;;;;;;;;;;;;;;;;;;;;;;
;;Cote d'Ivoire;30/04/2022;81930;;;799;;;;;;;;;;;;;;;;;;;;;;;;;;;
;;Cote d'Ivoire;01/05/2022;81957;;;799;;;;;;;;;;;;;;;;;;;;;;;;;;;
;;Cote d'Ivoire;02/05/2022;81957;;;799;;;;;;;;;;;;;;;;;;;;;;;;;;;
;;Cote d'Ivoire;03/05/2022;81959;;;799;;;;;;;;;;;;;;;;;;;;;;;;;;;
;;Cote d'Ivoire;04/05/2022;81967;;;799;;;;;;;;;;;;;;;;;;;;;;;;;;;
;;Cote d'Ivoire;05/05/2022;81968;;;799;;;;;;;;;;;;;;;;;;;;;;;;;;;
;;Cote d'Ivoire;06/05/2022;81970;;;799;;;;;;;;;;;;;;;;;;;;;;;;;;;
;;Cote d'Ivoire;07/05/2022;81970;;;799;;;;;;;;;;;;;;;;;;;;;;;;;;;
;;Cote d'Ivoire;08/05/2022;81974;;;799;;;;;;;;;;;;;;;;;;;;;;;;;;;
;;Cote d'Ivoire;09/05/2022;81974;;;799;;;;;;;;;;;;;;;;;;;;;;;;;;;
;;Cote d'Ivoire;10/05/2022;81977;;;799;;;;;;;;;;;;;;;;;;;;;;;;;;;
;;Cote d'Ivoire;11/05/2022;81977;;;799;;;;;;;;;;;;;;;;;;;;;;;;;;;
;;Cote d'Ivoire;12/05/2022;81985;;;799;;;;;;;;;;;;;;;;;;;;;;;;;;;
;;Cote d'Ivoire;13/05/2022;81989;;;799;;;;;;;;;;;;;;;;;;;;;;;;;;;
;;Cote d'Ivoire;14/05/2022;81989;;;799;;;;;;;;;;;;;;;;;;;;;;;;;;;
;;Cote d'Ivoire;15/05/2022;82001;;;799;;;;;;;;;;;;;;;;;;;;;;;;;;;
;;Cote d'Ivoire;16/05/2022;82008;;;799;;;;;;;;;;;;;;;;;;;;;;;;;;;
;;Cote d'Ivoire;17/05/2022;82008;;;799;;;;;;;;;;;;;;;;;;;;;;;;;;;
;;Cote d'Ivoire;18/05/2022;82020;;;799;;;;;;;;;;;;;;;;;;;;;;;;;;;
;;Cote d'Ivoire;19/05/2022;82034;;;799;;;;;;;;;;;;;;;;;;;;;;;;;;;
;;Cote d'Ivoire;20/05/2022;82044;;;799;;;;;;;;;;;;;;;;;;;;;;;;;;;
;;Cote d'Ivoire;21/05/2022;82044;;;799;;;;;;;;;;;;;;;;;;;;;;;;;;;
;;Cote d'Ivoire;22/05/2022;82044;;;799;;;;;;;;;;;;;;;;;;;;;;;;;;;12387947
;;Cote d'Ivoire;23/05/2022;82070;;;799;;;;;;;;;;;;;;;;;;;;;;;;;;;
;;Cote d'Ivoire;24/05/2022;82088;;;799;;;;;;;;;;;;;;;;;;;;;;;;;;;
;;Cote d'Ivoire;25/05/2022;82116;;;799;;;;;;;;;;;;;;;;;;;;;;;;;;;
;;Cote d'Ivoire;26/05/2022;82141;;;799;;;;;;;;;;;;;;;;;;;;;;;;;;;
;;Cote d'Ivoire;27/05/2022;82155;;;799;;;;;;;;;;;;;;;;;;;;;;;;;;;
;;Cote d'Ivoire;28/05/2022;82183;;;799;;;;;;;;;;;;;;;;;;;;;;;;;;;
;;Cote d'Ivoire;29/05/2022;82193;;;799;;;;;;;;;;;;;;;;;;;;;;;;;;;12753769
;;Cote d'Ivoire;30/05/2022;82194;;;799;;;;;;;;;;;;;;;;;;;;;;;;;;;
;;Cote d'Ivoire;31/05/2022;82215;;;799;;;;;;;;;;;;;;;;;;;;;;;;;;;
;;Cote d'Ivoire;01/06/2022;82226;;;799;;;;;;;;;;;;;;;;;;;;;;;;;;;
;;Cote d'Ivoire;02/06/2022;82226;;;799;;;;;;;;;;;;;;;;;;;;;;;;;;;
;;Cote d'Ivoire;03/06/2022;82242;;;799;;;;;;;;;;;;;;;;;;;;;;;;;;;
;;Cote d'Ivoire;04/06/2022;82280;;;799;;;;;;;;;;;;;;;;;;;;;;;;;;;
;;Cote d'Ivoire;05/06/2022;82305;;;799;;;;;;;;;;;;;;;;;;;;;;;;;;;12753769
;;Cote d'Ivoire;06/06/2022;82309;;;799;;;;;;;;;;;;;;;;;;;;;;;;;;;
;;Cote d'Ivoire;07/06/2022;82309;;;799;;;;;;;;;;;;;;;;;;;;;;;;;;;
;;Cote d'Ivoire;08/06/2022;82347;;;799;;;;;;;;;;;;;;;;;;;;;;;;;;;
;;Cote d'Ivoire;09/06/2022;82364;;;799;;;;;;;;;;;;;;;;;;;;;;;;;;;
;;Cote d'Ivoire;10/06/2022;82393;;;799;;;;;;;;;;;;;;;;;;;;;;;;;;;
;;Cote d'Ivoire;11/06/2022;82467;;;799;;;;;;;;;;;;;;;;;;;;;;;;;;;
;;Cote d'Ivoire;12/06/2022;82487;;;799;;;;;;;;;;;;;;;;;;;;;;;;;;;
;;Cote d'Ivoire;13/06/2022;82492;;;799;;;;;;;;;;;;;;;;;;;;;;;;;;;
;;Cote d'Ivoire;14/06/2022;82492;;;799;;;;;;;;;;;;;;;;;;;;;;;;;;;
;;Cote d'Ivoire;15/06/2022;82580;;;800;;;;;;;;;;;;;;;;;;;;;;;;;;;
;;Cote d'Ivoire;16/06/2022;82614;;;800;;;;;;;;;;;;;;;;;;;;;;;;;;;
;;Cote d'Ivoire;17/06/2022;82659;;;801;;;;;;;;;;;;;;;;;;;;;;;;;;;
;;Cote d'Ivoire;18/06/2022;82659;;;801;;;;;;;;;;;;;;;;;;;;;;;;;;;
;;Cote d'Ivoire;19/06/2022;82724;;;802;;;;;;;;;;;;;;;;;;;;;;;;;;;
;;Cote d'Ivoire;20/06/2022;82743;;;802;;;;;;;;;;;;;;;;;;;;;;;;;;;
;;Cote d'Ivoire;21/06/2022;82805;;;802;;;;;;;;;;;;;;;;;;;;;;;;;;;
;;Cote d'Ivoire;22/06/2022;82842;;;804;;;;;;;;;;;;;;;;;;;;;;;;;;;
;;Cote d'Ivoire;23/06/2022;82905;;;804;;;;;;;;;;;;;;;;;;;;;;;;;;;
;;Cote d'Ivoire;24/06/2022;82953;;;804;;;;;;;;;;;;;;;;;;;;;;;;;;;
;;Cote d'Ivoire;25/06/2022;82999;;;805;;;;;;;;;;;;;;;;;;;;;;;;;;;
;;Cote d'Ivoire;26/06/2022;83049;;;805;;;;;;;;;;;;;;;;;;;;;;;;;;;
;;Cote d'Ivoire;27/06/2022;83049;;;805;;;;;;;;;;;;;;;;;;;;;;;;;;;
;;Cote d'Ivoire;28/06/2022;83049;;;805;;;;;;;;;;;;;;;;;;;;;;;;;;;
;;Cote d'Ivoire;29/06/2022;83309;;;805;;;;;;;;;;;;;;;;;;;;;;;;;;;
;;Cote d'Ivoire;30/06/2022;83463;;;805;;;;;;;;;;;;;;;;;;;;;;;;;;;
;;Cote d'Ivoire;01/07/2022;83571;;;805;;;;;;;;;;;;;;;;;;;;;;;;;;;
;;Cote d'Ivoire;02/07/2022;83637;;;805;;;;;;;;;;;;;;;;;;;;;;;;;;;
;;Cote d'Ivoire;03/07/2022;83659;;;805;;;;;;;;;;;;;;;;;;;;;;;;;;;14445720
;;Cote d'Ivoire;04/07/2022;83679;;;805;;;;;;;;;;;;;;;;;;;;;;;;;;;
;;Cote d'Ivoire;05/07/2022;83729;;;805;;;;;;;;;;;;;;;;;;;;;;;;;;;
;;Cote d'Ivoire;06/07/2022;83823;;;805;;;;;;;;;;;;;;;;;;;;;;;;;;;
;;Cote d'Ivoire;07/07/2022;83896;;;805;;;;;;;;;;;;;;;;;;;;;;;;;;;
;;Cote d'Ivoire;08/07/2022;83979;;;805;;;;;;;;;;;;;;;;;;;;;;;;;;;
;;Cote d'Ivoire;09/07/2022;84042;;;805;;;;;;;;;;;;;;;;;;;;;;;;;;;
;;Cote d'Ivoire;10/07/2022;84079;;;805;;;;;;;;;;;;;;;;;;;;;;;;;;;
;;Cote d'Ivoire;11/07/2022;84084;;;805;;;;;;;;;;;;;;;;;;;;;;;;;;;
;;Cote d'Ivoire;12/07/2022;84165;;;806;;;;;;;;;;;;;;;;;;;;;;;;;;;
;;Cote d'Ivoire;13/07/2022;84248;;;806;;;;;;;;;;;;;;;;;;;;;;;;;;;
;;Cote d'Ivoire;14/07/2022;84347;;;806;;;;;;;;;;;;;;;;;;;;;;;;;;;
;;Cote d'Ivoire;15/07/2022;84451;;;806;;;;;;;;;;;;;;;;;;;;;;;;;;;
;;Cote d'Ivoire;16/07/2022;84501;;;806;;;;;;;;;;;;;;;;;;;;;;;;;;;
;;Cote d'Ivoire;17/07/2022;84583;;;806;;;;;;;;;;;;;;;;;;;;;;;;;;;
;;Cote d'Ivoire;18/07/2022;84616;;;808;;;;;;;;;;;;;;;;;;;;;;;;;;;
;;Cote d'Ivoire;19/07/2022;84658;;;808;;;;;;;;;;;;;;;;;;;;;;;;;;;
;;Cote d'Ivoire;20/07/2022;84742;;;808;;;;;;;;;;;;;;;;;;;;;;;;;;;
;;Cote d'Ivoire;21/07/2022;84845;;;808;;;;;;;;;;;;;;;;;;;;;;;;;;;
;;Cote d'Ivoire;22/07/2022;84889;;;809;;;;;;;;;;;;;;;;;;;;;;;;;;;
;;Cote d'Ivoire;23/07/2022;84950;;;809;;;;;;;;;;;;;;;;;;;;;;;;;;;
;;Cote d'Ivoire;24/07/2022;84982;;;810;;;;;;;;;;;;;;;;;;;;;;;;;;;
;;Cote d'Ivoire;25/07/2022;84998;;;810;;;;;;;;;;;;;;;;;;;;;;;;;;;
;;Cote d'Ivoire;26/07/2022;85055;;;810;;;;;;;;;;;;;;;;;;;;;;;;;;;
;;Cote d'Ivoire;27/07/2022;85055;;;810;;;;;;;;;;;;;;;;;;;;;;;;;;;
;;Cote d'Ivoire;28/07/2022;85055;;;810;;;;;;;;;;;;;;;;;;;;;;;;;;;
;;Cote d'Ivoire;29/07/2022;85253;;;811;;;;;;;;;;;;;;;;;;;;;;;;;;;
;;Cote d'Ivoire;30/07/2022;85306;;;811;;;;;;;;;;;;;;;;;;;;;;;;;;;
;;Cote d'Ivoire;31/07/2022;85306;;;811;;;;;;;;;;;;;;;;;;;;;;;;;;;
;;Cote d'Ivoire;01/08/2022;85368;;;811;;;;;;;;;;;;;;;;;;;;;;;;;;;
;;Cote d'Ivoire;02/08/2022;85444;;;811;;;;;;;;;;;;;;;;;;;;;;;;;;;
;;Cote d'Ivoire;03/08/2022;85520;;;811;;;;;;;;;;;;;;;;;;;;;;;;;;;
;;Cote d'Ivoire;04/08/2022;85601;;;811;;;;;;;;;;;;;;;;;;;;;;;;;;;
;;Cote d'Ivoire;05/08/2022;85676;;;811;;;;;;;;;;;;;;;;;;;;;;;;;;;
;;Cote d'Ivoire;06/08/2022;85712;;;811;;;;;;;;;;;;;;;;;;;;;;;;;;;
;;Cote d'Ivoire;07/08/2022;85712;;;811;;;;;;;;;;;;;;;;;;;;;;;;;;;17411265
;;Cote d'Ivoire;08/08/2022;85780;;;811;;;;;;;;;;;;;;;;;;;;;;;;;;;
;;Cote d'Ivoire;09/08/2022;85794;;;811;;;;;;;;;;;;;;;;;;;;;;;;;;;
;;Cote d'Ivoire;10/08/2022;85879;;;813;;;;;;;;;;;;;;;;;;;;;;;;;;;
;;Cote d'Ivoire;11/08/2022;85966;;;815;;;;;;;;;;;;;;;;;;;;;;;;;;;
;;Cote d'Ivoire;12/08/2022;86029;;;815;;;;;;;;;;;;;;;;;;;;;;;;;;;
;;Cote d'Ivoire;13/08/2022;86092;;;815;;;;;;;;;;;;;;;;;;;;;;;;;;;
;;Cote d'Ivoire;14/08/2022;86151;;;815;;;;;;;;;;;;;;;;;;;;;;;;;;;
;;Cote d'Ivoire;15/08/2022;86183;;;817;;;;;;;;;;;;;;;;;;;;;;;;;;;
;;Cote d'Ivoire;16/08/2022;86209;;;817;;;;;;;;;;;;;;;;;;;;;;;;;;;
;;Cote d'Ivoire;17/08/2022;86256;;;817;;;;;;;;;;;;;;;;;;;;;;;;;;;
;;Cote d'Ivoire;18/08/2022;86301;;;817;;;;;;;;;;;;;;;;;;;;;;;;;;;
;;Cote d'Ivoire;19/08/2022;86372;;;817;;;;;;;;;;;;;;;;;;;;;;;;;;;
;;Cote d'Ivoire;20/08/2022;86440;;;817;;;;;;;;;;;;;;;;;;;;;;;;;;;
;;Cote d'Ivoire;21/08/2022;86440;;;817;;;;;;;;;;;;;;;;;;;;;;;;;;;18035554
;;Cote d'Ivoire;22/08/2022;86454;;;817;;;;;;;;;;;;;;;;;;;;;;;;;;;
;;Cote d'Ivoire;23/08/2022;86511;;;817;;;;;;;;;;;;;;;;;;;;;;;;;;;
;;Cote d'Ivoire;24/08/2022;86542;;;817;;;;;;;;;;;;;;;;;;;;;;;;;;;
;;Cote d'Ivoire;25/08/2022;86542;;;817;;;;;;;;;;;;;;;;;;;;;;;;;;;
;;Cote d'Ivoire;26/08/2022;86577;;;817;;;;;;;;;;;;;;;;;;;;;;;;;;;
;;Cote d'Ivoire;27/08/2022;86606;;;817;;;;;;;;;;;;;;;;;;;;;;;;;;;
;;Cote d'Ivoire;28/08/2022;86640;;;817;;;;;;;;;;;;;;;;;;;;;;;;;;;
;;Cote d'Ivoire;29/08/2022;86650;;;817;;;;;;;;;;;;;;;;;;;;;;;;;;;
;;Cote d'Ivoire;30/08/2022;86695;;;819;;;;;;;;;;;;;;;;;;;;;;;;;;;
;;Cote d'Ivoire;31/08/2022;86738;;;819;;;;;;;;;;;;;;;;;;;;;;;;;;;
;;Cote d'Ivoire;01/09/2022;86760;;;819;;;;;;;;;;;;;;;;;;;;;;;;;;;
;;Cote d'Ivoire;02/09/2022;86779;;;819;;;;;;;;;;;;;;;;;;;;;;;;;;;
;;Cote d'Ivoire;03/09/2022;86808;;;819;;;;;;;;;;;;;;;;;;;;;;;;;;;
;;Cote d'Ivoire;04/09/2022;86821;;;819;;;;;;;;;;;;;;;;;;;;;;;;;;;18304332
;;Cote d'Ivoire;05/09/2022;86824;;;819;;;;;;;;;;;;;;;;;;;;;;;;;;;
;;Cote d'Ivoire;06/09/2022;86840;;;820;;;;;;;;;;;;;;;;;;;;;;;;;;;
;;Cote d'Ivoire;07/09/2022;86870;;;820;;;;;;;;;;;;;;;;;;;;;;;;;;;
;;Cote d'Ivoire;08/09/2022;86885;;;821;;;;;;;;;;;;;;;;;;;;;;;;;;;
;;Cote d'Ivoire;09/09/2022;86885;;;821;;;;;;;;;;;;;;;;;;;;;;;;;;;
;;Cote d'Ivoire;10/09/2022;86919;;;822;;;;;;;;;;;;;;;;;;;;;;;;;;;
;;Cote d'Ivoire;11/09/2022;86919;;;822;;;;;;;;;;;;;;;;;;;;;;;;;;;
;;Cote d'Ivoire;12/09/2022;86941;;;822;;;;;;;;;;;;;;;;;;;;;;;;;;;
;;Cote d'Ivoire;13/09/2022;86941;;;822;;;;;;;;;;;;;;;;;;;;;;;;;;;
;;Cote d'Ivoire;14/09/2022;86941;;;822;;;;;;;;;;;;;;;;;;;;;;;;;;;
;;Cote d'Ivoire;15/09/2022;86990;;;822;;;;;;;;;;;;;;;;;;;;;;;;;;;
;;Cote d'Ivoire;16/09/2022;87009;;;822;;;;;;;;;;;;;;;;;;;;;;;;;;;
;;Cote d'Ivoire;17/09/2022;87009;;;822;;;;;;;;;;;;;;;;;;;;;;;;;;;
;;Cote d'Ivoire;18/09/2022;87031;;;822;;;;;;;;;;;;;;;;;;;;;;;;;;;
;;Cote d'Ivoire;19/09/2022;87036;;;822;;;;;;;;;;;;;;;;;;;;;;;;;;;
;;Cote d'Ivoire;20/09/2022;87073;;;823;;;;;;;;;;;;;;;;;;;;;;;;;;;
;;Cote d'Ivoire;21/09/2022;87081;;;823;;;;;;;;;;;;;;;;;;;;;;;;;;;
;;Cote d'Ivoire;22/09/2022;87094;;;823;;;;;;;;;;;;;;;;;;;;;;;;;;;
;;Cote d'Ivoire;23/09/2022;87123;;;823;;;;;;;;;;;;;;;;;;;;;;;;;;;
;;Cote d'Ivoire;24/09/2022;87129;;;823;;;;;;;;;;;;;;;;;;;;;;;;;;;
